User ID,Username,Category,Comments,No_comments,Likes,Followers,Engagement Rate,Time Stamp,Video or Photo
47086273,emmahjane,travel,['Enjoy! ğŸ‘ğŸ˜Š'],1,51,1069,0.05,2018-03-13 03:25:29,False
183540354,kittyseline,fashion,[],0,69,50354,0.0,2015-05-26 01:51:10,False
6153622945,m.bellacosmeticos,other,[],0,54,4126,0.01,2018-05-02 17:44:13,False
5076040914,_.drama_kan_,other,"['ğŸ’™', 'ğŸ’›', 'ğŸ‘ğŸ»', 'ğŸ‘ğŸ»', 'ğŸ’', 'â£ï¸', 'ğŸ‘ğŸ»', 'ğŸ™ğŸ»', '@', '@', '@', '@', '@', 'schaw bardawm bn eshalla ğŸ˜']",16,88,3839,0.03,2018-04-17 00:32:01,False
5076040914,_.drama_kan_,other,"['Shaza', 'Dastxosh', 'Shaza', 'I love you ğŸ˜˜â¤ï¸â¤ï¸ğŸ’• hande', 'Shaza', 'Shaza', 'Shaza', 'ğŸ˜˜', 'ğŸ‘‰ğŸ»', 'ğŸ˜‡', 'ğŸ˜ƒ', 'Shaza']",12,71,3839,0.02,2018-07-25 21:21:12,False
5076040914,_.drama_kan_,other,"['Bzhi', 'ğŸ˜‡', 'ğŸ˜†', 'ğŸ˜', 'ğŸ’œ', 'bekawa', '#bikawa', '11', '1', 'ğŸ˜€ğŸ˜€', 'ğŸ˜ƒğŸ˜ƒ', 'ğŸ˜„ğŸ˜„', 'ğŸ˜”ğŸ˜”', 'ğŸ˜ğŸ˜', 'ğŸ˜˜ğŸ˜˜', 'ğŸ˜—ğŸ˜—', 'ğŸ˜™ğŸ˜™', 'Dastxosh', 'ğŸ”¥', 'ğŸ’™', 'ğŸŒ¸', 'â˜ºï¸', 'ğŸ˜‡', 'ğŸ˜']",34,107,3839,0.04,2018-07-29 21:10:28,False
5076040914,_.drama_kan_,other,"['Alp', '#alpnavruz', 'Ø¦Ø§Ù„Ù¾', 'Alpâ¤â¤', 'alp', 'Alp', 'Ø¨Û•Ø¯Ù„Ù†ÛŒØ§ÛŒÛ•ÙˆÛ• alpğŸ™ˆâ¤', 'Alq', 'Begwman tahir', 'Alp', 'Tahir', 'Alp', 'Hardukyan', 'Ø§Ù„Ø¨', 'Alp', 'alp', 'Tahir', 'Tahirrr', 'tahiiirrrrr', 'Alp', 'Tahirrr', 'Tahir', 'Alp', 'Tahir.']",55,138,3839,0.05,2018-08-11 18:27:44,False
5076040914,_.drama_kan_,other,"['@super_sako', '@super_sako', '@super_sako', 'Walla mn balamawa xosh nia ğŸ˜‚ğŸ˜‚ğŸ˜', 'Dangi zor xosha', 'bzhi', 'shaza', 'bk gull', 'â¤ï¸', 'ğŸ‘', 'ğŸ˜˜', '@super_sako please like and coment ğŸ™ğŸ»', '@super_sako please like and coment ğŸ™ğŸ»', '@super_sako please like and coment ğŸ™ğŸ»', '@super_sako please like and coment ğŸ™ğŸ»']",17,94,3839,0.03,2018-08-30 21:02:27,False
5076040914,_.drama_kan_,other,"['ğŸ’', 'ğŸŒ¸', 'âœ¨ğŸ’«ğŸ”¥ğŸ’¥', 'ğŸ’', 'ğŸˆ', 'ğŸ”—', 'â¤ï¸', 'ğŸ§¡', 'ğŸ’›ğŸ’š', 'ğŸ’™ğŸ’œ', 'ğŸ–¤ğŸ’”', 'â£ï¸ğŸ’•', 'ğŸ’ğŸ’“', 'ğŸ’–ğŸ’˜', 'ğŸ’ğŸ’Ÿ', 'ğŸ’—â™¥ï¸', 'ğŸ”—ğŸ¤©ğŸ˜˜ğŸ’›â£ï¸ğŸ’•ğŸ’«ğŸ’ğŸ’ŸğŸ’ŸğŸ’˜ğŸ™ˆâ˜ºï¸â˜ºï¸ğŸ™ğŸ»âœ¨ğŸ’“ğŸ’œğŸ˜ğŸ˜ğŸ™ŠğŸ’—ğŸ§¡ğŸ§¡â¤ï¸ğŸ’šğŸ’ğŸ’™ğŸ˜‚ğŸ–¤ğŸ’–ğŸ’”', 'amazing!', 'ğŸŒ™ğŸŒ™', 'ğŸŒ™ğŸŒ™', 'ğŸŒ™', 'ğŸŒ™ğŸŒ™ğŸŒ™', 'ğŸŒ™', 'Nawe instakay chia']",52,118,3839,0.04,2018-09-08 18:17:17,False
5076040914,_.drama_kan_,other,"['A', 'D', 'A', 'Bje', 'B', 'Y', 'A', 'R', 'A', 'H', 'A', 'Y', 'M', 'ğŸ’–', 'ğŸ’–', 'A', 'R', 'E', 'E', 'A', 'R', 'I', 'N', 'A']",157,172,3839,0.09,2018-09-15 00:20:00,False
5076040914,_.drama_kan_,other,"['ğŸ’•ğŸ’•', 'ğŸ”¥ğŸ”¥ğŸ”¥', 'ğŸ˜ğŸ˜ğŸ˜ğŸ˜', 'ğŸ’™ğŸ’™ğŸ’™ğŸ’™', 'ğŸ”¥ğŸ”¥ğŸ”¥ğŸ”¥ğŸ”¥ğŸ™Œ', 'ğŸ˜˜ğŸ’™ğŸ’™', 'ğŸ¤—ğŸ˜‡ğŸ˜‡ğŸ˜‡', 'ğŸ’™ğŸ’™ğŸ‘‘ğŸ‘‘ğŸ˜ğŸ˜', '@melisapamuk', '@melisapamuk', 'ğŸ˜­ğŸ˜­', 'ğŸ˜ğŸ˜', 'ğŸ’”', 'ğŸ’¯', 'bk', 'â¤ï¸â¤ï¸â¤ï¸']",17,109,3839,0.03,2018-10-07 00:53:12,False
5076040914,_.drama_kan_,other,[],0,78,3839,0.02,2019-01-05 18:01:32,False
5076040914,_.drama_kan_,other,"['ğŸ˜', 'ğŸ’', 'ğŸ’–', 'ğŸ™ğŸ»', 'â¤ï¸', 'ğŸ˜…ğŸ˜…ğŸ˜…ğŸ˜…ğŸ˜…ğŸ˜…', 'ğŸ˜…ğŸ˜…ğŸ˜…ğŸ˜…ğŸ˜…ğŸ˜…', 'ğŸ˜…ğŸ˜…ğŸ˜…ğŸ˜…ğŸ˜…ğŸ˜…Bk', 'ğŸ˜˜', 'ğŸ’œ', 'ğŸ’œ', 'ğŸ’œ', 'â˜ğŸ½', 'bk', 'ğŸ’•', 'Ù¾ÙŠÙŠ ÙˆØªÙ… ÙŠØ©Ùƒ Ù¾Ø©Ø±Ø¯Ø§Ø® Ù‚ÙˆØ²Ø©Ù„ Ù‚ÙˆØ±Ø¯Øª Ø¨Ùˆ Ø¯ÙŠÙ†Ù…ğŸ˜‚ğŸ˜‚', 'Goti nachmğŸ˜‚ğŸ˜‡ğŸ’•']",17,79,3839,0.03,2019-01-27 13:08:50,False
3046028057,_.nabeela,fashion,"['#paris #tb #toureiffel #travel #traveling #worldtraveler #travelphotography #instapassport #europetrip #summer #holidays #travelblogger #candid #amazing #potd #instagood #instatravel #beautiful #destinations #love #traveladdict #europe #iloveparis #eiffeltower #parisjetaime #vacation #champselysÃ©es #visitparis #greyskies #feedgoals', 'ğŸ‘', 'ğŸ˜ğŸ˜ğŸ‘‘']",3,835,18545,0.05,2017-05-10 20:26:33,False
3046028057,_.nabeela,fashion,"['#ootd #fashion #potd #babesofmissguided #outfit #posing #babesofinstagram #me #mangojeans #winterfashion #instagood #outfitpost #makeup #browgame #iphonephotography #instadaily #browgame #browsonfleek #anastasiabeverlyhills #colourpopme #colourpopcosmetics #abhbrows #makeuponpoint #makeupgalore', 'Lol cutie', 'Stunner ğŸ‘ŒğŸ»ğŸ˜˜', 'Word ğŸ˜‚', 'Soo cute ğŸ™ˆâ¤', 'ğŸ˜‰', 'My eyebrows look better than yours :)', 'Eyebrows ğŸ˜‰ğŸ™ˆ', 'ğŸ’•', ""Ala la ma belle slay'em"", 'Awesome!', 'Eyes ğŸ˜ğŸ˜', 'Awwwww you look super gorgeous darling ğŸ˜ğŸ˜ğŸ˜ğŸŒ¸ğŸ’œğŸŒ·ğŸŒ¸ğŸ’œğŸŒ·ğŸ¦‹ğŸŒ»ğŸŒ·ğŸ’›ğŸ’šğŸ’•âœ¨', '@_.nabeela welcome', 'ğŸ‘', 'PrettyğŸ˜ğŸ‘Œâ¤', 'ojos preciosos!']",28,1152,18545,0.06,2017-07-13 13:25:54,False
3046028057,_.nabeela,fashion,"['My sexy beauty queen â¤ğŸ’•ğŸ˜', 'Always sweet ! ğŸ˜', 'nice', 'Watch totally rocks', 'Okay like how did I even miss this one?! ğŸ˜', 'Waouw ğŸ˜', 'ğŸ˜ğŸ˜ğŸ˜ğŸ˜', 'So beautiful ğŸ’‹ğŸ’‹ğŸ’‹', 'Beautiful ğŸ’–', 'Sexyyyy!!!', ""You're sooooooooo pretty! â¤ï¸ğŸ’•"", 'Hot hot hot. Love the makeup!!', ""Slaaaayyy, looking hot girl!'"", 'Hot', 'Such a good time!']",95,2057,18545,0.12,2017-10-03 15:47:32,False
3046028057,_.nabeela,fashion,"['Love the hair color ğŸ˜', 'You look stunning as usual love the sunglasses', 'So cute!', 'Boom â¤ï¸', 'Love boat trips. They are the best', 'You are gorgeous babw ğŸ˜ğŸŒŸ', 'Wow ğŸ˜» pretty shot! ğŸ™†\u200dâ™€ï¸', 'Thank you for the reminder ğŸ‘ŠğŸ½ğŸ‘ŠğŸ½', 'Gorgeous ğŸ˜ğŸ˜', 'Soooo pretty â¤ï¸â¤ï¸', 'Looking great Nabeela ğŸ˜', 'Nice ğŸ™ŒğŸ½ğŸŒ¹âœ”ï¸', 'Beautiful!!', ':) !!!', 'QueeeeenğŸ’•', 'Your curls are sooo pretty!! Love your hair babe ğŸ˜ğŸ˜ğŸ˜', 'ğŸ‘Œ MEGA ğŸ‘', 'Great views beautyğŸ˜ğŸ˜ğŸ˜ğŸ˜', 'Love your sunglasses babe', 'Awesome', 'Beauty', 'ğŸ‘ğŸ‘ğŸ‘ğŸ‘ğŸ‘ğŸ‘', 'SÃ¼per fotoÄŸraflar', 'Ã‡ok gÃ¼zel bir yer â¤â¤ğŸ‘ğŸ‘']",59,1263,18545,0.07,2017-10-29 19:53:26,False
3046028057,_.nabeela,fashion,"['Awesome shot of Rome. On my list to go visit. ğŸ‘', 'So dope', 'Omg yaaasss! Looking gorgeous as ever my baby girl!! And I lovedddd rome omg. Two of my fav things (you+anything Rome-related) in this picture hehe ğŸ˜', 'Massively gorgeous ğŸ˜', 'Nice', 'Woow â¤ï¸ğŸ˜ğŸ”¥', 'So beautiful ğŸ˜', 'Ah what a cute outfit ! And cute photo in Rome', 'What a gorgeous shot!! Looks amazing', 'Love the outfit', 'Always looking good !', 'Beautiful ğŸ˜ğŸ˜ğŸ˜', 'Mexico ğŸ˜ğŸ˜ğŸ˜˜', 'beautiful photo ğŸ’•ğŸ‘', 'Would love to go to Rome', 'Babe you looks so elegant and beautiful !! Even in basics you shine darling âœ¨ğŸ˜â™¥ï¸', 'Wooow', 'Mi lugar preferidoğŸ˜', 'Wonderful!ğŸ˜', 'ğŸ‘ğŸ»ğŸ‘ğŸ»ğŸ‘ŒğŸ»ğŸ‘ŒğŸ»', 'Excellent location! Hope to visit that place one day', '@_.nabeela Thanks for inviting me to have a look. Youâ€™ve a very nice gallery indeed!!', 'ğŸ“¸ğŸ’¯ğŸ’¯ğŸ”ğŸ”ğŸ”', 'Nice shot ğŸ˜']",85,1648,18545,0.09,2017-12-12 18:44:33,False
3046028057,_.nabeela,fashion,"['Huge congratulations!!! What a big accomplishment!', 'Congratulations hun! ğŸ’¥ğŸ’¥ğŸ’¥', 'Congratulations Love you r looking so PrettyğŸ˜ğŸ˜â¤ğŸ˜ğŸ˜šğŸ˜š', 'Congratulations', 'Congratulations ğŸ‰ğŸ‰', 'Ohhh wow! Congratulations for this new life achievement... ğŸ‘©ğŸ½\u200dğŸ“ and cheers to more adventures ahead babe! You totally deserve it ğŸ‘ğŸ½ğŸ‘ğŸ½ again, congratulations ğŸŠğŸ¾ğŸ‰', 'Congrats!!', 'Iâ€™m so pleased for you beautiful x', 'WğŸ˜W! Congratulations!!! Youâ€™re certainly beauty and brains ğŸ˜', 'ğŸ¤©', 'Congrats!! Great years ahead ğŸ™ŒğŸ™Œ', 'Congrats baby! You look so pretty btw x', 'Congratulations!! ğŸ“', 'Ohhh so proud of u babe â™¥ï¸ Congratulations', 'Felicidades Preciosa!!!!!ğŸ‘‘ğŸ‘¸ğŸ¼ğŸŒ¸ğŸ’–', 'Congratulations beautiful! ğŸŒ¸', 'Absolutely charming ğŸ’ŸğŸ’ŸğŸ’Ÿ', 'ğŸ‘', 'Congratulations!!!', 'Congrats', 'Congratulations ğŸ˜ğŸ’—ğŸ’‹', 'ğŸ‘ğŸ‘ğŸ‘ğŸ‘ğŸ‘', 'Congrats bby â¤â¤', 'Very very nice video']",141,1439,18545,0.09,2018-05-03 18:09:37,False
3046028057,_.nabeela,fashion,"['Gorgeous babe ğŸ˜ğŸ˜ğŸ˜', 'That is a beautiful robe!', 'ğŸŒ·ğŸŒ·âœ¨', 'You look gorgeous.. Love the outfit', 'My beautiful princess ğŸ’‹ğŸ’‹ğŸ’‹', 'Stunning', 'You look absolutely ravishing!! ğŸ˜', 'You look gorgeous and that sounds like a lovely fragrance', 'Itâ€™s awesome ğŸ‘', 'Gorgeous â¤ï¸', 'I will have to try that perfume!!', 'âœŒâœŒâœŒ', 'â¤ï¸ğŸ’', 'My effortless beauty!!! Hehe ğŸ’•', 'You dress is so beautiful', 'Great portrait of you!', ""I don't wear perfume but this might be up my ally!!"", 'Stunning beauty ğŸ˜ğŸ˜ğŸ˜', 'Love this one ğŸ˜â¤ï¸', 'Gorgeous look ğŸ‘Œâ¤ï¸â¤ï¸â¤ï¸ğŸŒ·ğŸŒ·ğŸŒ·ğŸŒ¶ï¸ ğŸŒ¶ï¸ğŸŒ¶ï¸', ""You're such a goddess girlfriend"", 'Hey lovely We were scrolling through and think youâ€™re absolutely gorgeous ğŸ˜ Dm us weâ€™d love to collab! âœ¨', 'Gotta try this one!', '*_*']",163,1772,18545,0.1,2018-06-26 15:06:51,False
3046028057,_.nabeela,fashion,"['Magic photo and I like the style', 'Babe ğŸ˜', 'Soooo gorgeous! ğŸ˜ ğŸ˜ ğŸ˜', 'Stylish !!', 'what a great picture from you ğŸ˜', 'Outfit and makeup on point!', 'Awesome city view ğŸ‘ğŸ½ğŸ‘ğŸ½ğŸ˜ wishing you a great week ahead babe ğŸ’ğŸ’ğŸ’ğŸ’', 'Gorgeous shot ğŸ’•ğŸ”âœ¨', 'Beautiful shot, love that golden light', 'Woooow amazing picture babe ğŸ˜â¤ï¸â¤ï¸', 'Amazing post, what a view and great denim outfit ğŸ”¥ğŸ˜¬ğŸ‘ŒğŸ¾âœ¨ğŸ“¸', 'Gorgeous ğŸ™ŒğŸ½', 'Gorgeous âœ¨âœ¨ğŸ’–', 'â¤', 'Check out Sweet Southern Mrs. - a new lifestyle blog dedicated to beauty, fashion, life, and travel! â™¥ï¸', 'That view is amazing and you look stunning hun ğŸ˜', 'Wow !! This is awesome ğŸ˜â¤ï¸', 'Pretty babe ğŸ˜', 'Hey, lovely! had a look at your insta and would like to collab, dm us!', 'LovelyğŸ’—', 'This is absolutely so beautiful â¤â¤', 'Oh these are just stunning, beautiful girl! ğŸ˜â¤', 'Niceeeeee!', 'ğŸŒ·']",180,1643,18545,0.1,2018-07-09 16:31:15,False
3046028057,_.nabeela,fashion,"['Awesome ğŸ˜ğŸ‘ŒğŸ˜ğŸ‘ŒğŸ˜ğŸ‘ŒğŸ˜ğŸ‘ŒğŸ˜ğŸ‘Œ\n#Greatest_Superb\nğŸ˜ğŸ‘ŒğŸ˜ğŸ‘ŒğŸ˜ğŸ‘ŒğŸ˜ğŸ‘ŒğŸ˜ğŸ‘Œ\n#Fabulous_click\nğŸ˜˜ğŸ‘ğŸ˜˜ğŸ‘ğŸ˜˜ğŸ‘ğŸ˜˜ğŸ‘ğŸ˜˜ğŸ‘\nHave a cool and lovely day', 'Such a chic outfit â¤', 'You are looking sweet babe ğŸ˜ğŸ˜˜ğŸ’ğŸ’–ğŸŒ¹ğŸ’ƒ', 'Nabeela ğŸ‘¸ğŸ» So pretty ğŸ’¡â¤ï¸ğŸ˜', 'Lovely and chic â¤ï¸âœ¨', 'Love your bag!!', 'You are owning the streets in that awesome coat girl ğŸ˜¬ğŸ‘ŒğŸ¾ğŸ“¸âœ¨', 'BAD AND BOUJEE WHAT A FRIGGIN BABE ğŸ˜', 'Come to Paris itâ€™s summer now', 'Love your style here', 'Smashing the fashion style! Nice. ğŸ˜Š', 'That coat is fabulous!', 'Beauty', 'Wow,is it cold there?', 'Great shot babe!', 'Gorgeous and stylish look my goddess ğŸ™ŠğŸ’•ğŸ’•ğŸ’•ğŸ–¤ğŸ–¤', 'Oh you look so chic ğŸ˜', 'Love your bagğŸ’™', 'This coat is fire ğŸ”¥ğŸ”¥', 'Gorgeous ğŸ’–ğŸ’–ğŸ’–', 'Beautiful look ğŸ‘ğŸ»ğŸ‘ğŸ»ğŸ‘ğŸ»ğŸ‘ğŸ»', 'You look so lovely! â˜ºï¸', 'Great shot', 'Great shot ğŸ’™ğŸ’™ğŸ’™']",103,1481,18545,0.09,2018-07-19 21:24:39,False
3046028057,_.nabeela,fashion,"['Slayyyysâ¤â¤â¤â¤â¤ğŸ˜ğŸ˜ğŸ˜ğŸ˜ğŸ˜ğŸ˜ğŸ˜ğŸ˜', 'You look stunning and beautiful ğŸŒ¹ğŸŒŒğŸ“·', 'I can stare at this view forever ğŸ’—', 'So gorgeous ğŸ˜ğŸ’•', 'You look so beautiful ğŸ’“ğŸ’‹ğŸ’“ğŸ’‹', ""I'm loving your feed! â¤"", 'This place looks amazing', 'I agree! Nature never fails to surprise  us ğŸ˜€', 'Mauritius looks like paradise x', 'What a beautiful view. You look amazing babe â¤ï¸', 'Lovely..ğŸ˜ğŸ˜', 'Beautiful view âœ¨', 'Wow babe this is gorgeous x', 'holy wow what a great view!', 'Beautiful view and youğŸ˜', 'Que lugar lindo', 'What an amazing shot with beautiful babe ğŸ˜ğŸ˜', 'Babe you look so stunning and love that location too ğŸ˜ğŸ’•', 'So true hon!!!! This view is just breathtaking ğŸ˜', 'Such a beautiful view ğŸ˜ and you are cute â™¥ï¸â™¥ï¸â™¥ï¸', 'ğŸ˜˜ğŸ˜˜ğŸ˜˜ğŸ˜˜ğŸ˜˜ğŸ˜˜ğŸ˜˜', 'Cute ğŸŒ¸ğŸ˜ğŸ˜˜', 'Lovely', 'ğŸ˜ğŸ˜ğŸ˜ğŸ˜ğŸ‘ğŸ¼ğŸ‘ğŸ¼ğŸ”']",56,1824,18545,0.1,2018-10-23 18:59:07,False
3046028057,_.nabeela,fashion,"['GORGEOUS BABE ğŸ˜ğŸ˜ğŸ˜your booty ğŸ‘ğŸ‘ğŸ”¥ğŸ”¥', 'Stunning hun you sure rock a bikini x', 'Wonderful shot ğŸ˜ğŸ‘Œâ¤ï¸', 'Super cool ğŸ˜', 'So pretty!!ğŸ”', 'Wow this place is amazing ğŸ˜', 'ğŸ˜â¤ï¸', 'Always gorgeous! ğŸ˜ğŸ’•ğŸ’•', 'Yas girl this is so gorgeous!', 'A beautiful place to soak it up ğŸ–ğŸ–', 'ğŸ˜ğŸ˜', 'Stunning ğŸ’™', 'Babe ğŸ˜', 'â¤ï¸', 'WOWğŸ‘ŒğŸ‘Œ', 'Beach babe ğŸ’™', 'Hey Nabeela, We would love to have you on our team! DM @sinceresallyboutique and mention us! ğŸ’—', 'Wow goals ğŸ˜ğŸ˜«', 'hottieee <3', 'love this! ğŸ˜', 'You look so beautiful ğŸ’‹ ğŸ’‹ ğŸ’‹ ğŸ’‹', 'Hello hottie', 'Very nice ğŸ‘ ğŸ‘ŒğŸ˜', 'Perfect ğŸ’ğŸ’ğŸ’']",66,2231,18545,0.12,2019-03-31 19:48:17,False
3046028057,_.nabeela,fashion,[],0,1819,18545,0.1,2019-04-02 18:37:49,False
31048747,_.sham,other,[],0,32,1062,0.03,2016-02-18 23:38:02,False
31048747,_.sham,other,[],0,23,1062,0.02,2016-02-19 23:31:54,False
31048747,_.sham,other,"['Love it!', '@ryanclarkin a beauty!']",2,16,1062,0.02,2016-02-20 02:54:32,False
31048747,_.sham,other,"['I miss u', 'I miss you kimmy! @smilez4me']",2,23,1062,0.02,2016-02-25 22:57:27,False
31048747,_.sham,other,[],0,23,1062,0.02,2016-03-09 00:30:09,False
31048747,_.sham,other,[],0,28,1062,0.03,2016-04-27 05:26:01,False
31048747,_.sham,other,[],0,37,1062,0.03,2016-07-01 02:47:52,False
31048747,_.sham,other,['+Whoa!+...'],1,47,1062,0.05,2018-08-05 19:54:21,False
31048747,_.sham,other,[],0,60,1062,0.06,2018-10-17 06:13:30,False
31048747,_.sham,other,[],2,40,1062,0.04,2019-03-11 02:22:02,False
31048747,_.sham,other,[],0,67,1062,0.06,2019-04-13 03:42:55,False
2113882961,__.atiye__,interior,[],282,7480,74525,0.1,2018-02-15 02:19:18,False
2113882961,__.atiye__,interior,[],266,8276,74525,0.11,2018-03-02 03:36:34,False
2113882961,__.atiye__,interior,[],11,3259,74525,0.04,2018-03-12 22:28:35,False
2113882961,__.atiye__,interior,[],596,10698,74525,0.15,2018-07-05 01:02:09,False
2113882961,__.atiye__,interior,[],0,10931,74525,0.15,2018-07-06 14:11:32,False
2113882961,__.atiye__,interior,[],303,9583,74525,0.13,2018-07-18 00:46:19,False
2113882961,__.atiye__,interior,[],189,9416,74525,0.13,2018-08-08 23:30:06,False
2113882961,__.atiye__,interior,[],106,8002,74525,0.11,2018-10-07 23:15:49,False
2113882961,__.atiye__,interior,[],546,13605,74525,0.19,2018-10-09 01:24:47,False
2113882961,__.atiye__,interior,[],828,22665,74525,0.32,2018-10-29 01:49:25,False
2113882961,__.atiye__,interior,[],473,12264,74525,0.17,2018-11-19 01:35:59,False
2113882961,__.atiye__,interior,[],746,12759,74525,0.18,2018-11-28 02:21:47,False
2113882961,__.atiye__,interior,"['Ø®Ø§Ù†Ù… Ù¾Ø± Ø§Ù†Ø±Ú˜Ù‰â™¥ï¸', 'ğŸ’–ğŸ’–ğŸ’–ğŸ’–', 'Ø´Ù…Ø§ Ø¨ÛŒ Ù†Ø¸ÛŒØ±ÛŒ Ø¹Ø·ÛŒÙ‡ Ø¬ÙˆÙ†ØŒÙ…Ù† Ø®ÛŒÙ„ÛŒ Ø¯ÙˆØ³Øª Ø¯Ø§Ø±Ù… ÙˆØ§Ù‚Ø¹Ø§ğŸ˜˜ğŸ˜˜ğŸ˜ğŸ˜', 'Ø³Ù„Ø§Ù… Ø¹Ø·ÛŒÙ‡ Ø¬Ø§Ù† .Ø§ÛŒÙ† Ø®Ø¯Ù…Ø§Øª Ú©Ø¨Ø§Ù„ Ù…Ø­Ø¯ÙˆØ¯ Ø¨Ù‡ ØªÙ‡Ø±Ø§Ù† Ù‡Ø³Øª ÛŒØ§ Ø¨Ø±Ø§ÛŒ Ø³Ø§ÛŒØ± Ø´Ù‡Ø± Ù‡Ø§ Ù‡Ù… Ù‡Ø³Øª ØŸ', 'Ø¹Ø·ÛŒÙ‡ Ø¬ÙˆÙ† Ø¨Ø§ Ø³Ù„ÛŒÙ‚Ù‡ â¤ï¸â¤ï¸â¤ï¸â¤ï¸', 'Ø¹Ø·ÛŒÙ‡ ÛŒ Ù…Ù‡Ø±Ø¨ÙˆÙ†Ù…', 'Ù…Ù†Ù… Ø²ÛŒØ§Ø¯ Ú©ÛŒÚ© Ø¯Ø±Ø³ Ù…ÛŒÚ©Ù†Ù… Ù‡Ù…ÛŒÙ†Ù… Ø¨Ø§Ø¹Ø« Ø´Ø¯ Ø§Ø¶Ø§ÙÙ‡ ÙˆØ²Ù† Ù¾ÛŒØ¯Ø§ Ú©Ù†Ù… Ùˆ Ø§Ù„Ø§Ù† Ø¯Ø± ØªØ­Ø±Ø¨Ù…Ù…ğŸ˜‚ğŸ˜‚ğŸ˜‚ğŸ˜‚', 'Ø¯ÙˆØ³Øª Ø¯Ø§Ø±ÛŒ Ù…Ù†Ø²Ù„Øª ØªÙˆ Ø¹ÛŒØ¯Ø¯ÛŒÙ†ÛŒÙ‡Ø§ Ø´ÛŒÚ©ØªØ±ÛŒÙ† Ø¨Ø§Ø´Ù‡ØŸ\n.\nÙ¾ÙˆÙ„Ú©ÛŒ Ù¾Ø±Ø´Ø¯Ù‡ Ù‡Ø±Ø¹Ø¯Ø¯ Ø³ÛŒÙˆÙ¾Ù†Ø¬ Ù†ØµÙ Ù‚ÛŒÙ…Øª Ø¨Ø§Ø²Ø§Ø±\n.\nØ¬Ø§Ø¯ÙˆÛŒÛŒ Ù‡Ø±Ø¹Ø¯Ø¯ Ù¾Ø±Ø´Ø¯Ù‡ Ù¾Ù†Ø¬Ø§Ù‡ Ù†ØµÙ\u200cÙ‚ÛŒÙ…Øª Ø¨Ø§Ø²Ø§Ø±\n.\nÚ©ÙˆØ³Ù† Ù¾ÙˆÙ„Ú©ÛŒ Ùˆ Ø§Ø³Ù… Ù‡Ø±Ø¹Ø¯Ø¯ Ù¾Ø±Ø´Ø¯Ù‡ Ø³ÛŒ Ù†ØµÙ Ù‚ÛŒÙ…Øª Ø¨Ø§Ø²Ø§Ø±\n.\nØ§Ø±Ø³Ø§Ù„ Ù…Ø³ØªÙ‚ÛŒÙ… Ø§Ø² ØªÙˆÙ„ÛŒØ¯ÛŒ Ø¨Ù‡ Ø³Ø±Ø§Ø³Ø± Ú©Ø´ÙˆØ±ğŸ¥°', 'Ø¨Ø±Ù†Ø¯ ÙØ±Ø´ØªÙˆÙ† Ú†ÛŒÙ‡ØŸ Ù…Ù…Ù†ÙˆÙ† Ù…ÛŒØ´Ù… Ø§Ú¯Ù‡ Ø¨Ú¯ÛŒÙ†', 'Ø¨Ø§ Ø³Ù„ÛŒÙ‚Ù‡ Ø¬Ø§Ù† Ø§Ø² Ù„Ø¨Ø§Ø³Ù‡Ø§ÛŒ ØªÚ©Ø±Ø§Ø±ÛŒ Ø®Ø³ØªÙ‡ Ø´Ø¯ÛŒØŸğŸ˜œØ¯Ù„Øª Ù…ÛŒØ®ÙˆØ§Ø¯ Ù…ØªÙØ§ÙˆØª Ùˆ Ø´ÛŒÚ© Ø¨Ø§Ø´ÛŒØŸğŸ˜Ù…ÛŒØ®ÙˆØ§ÛŒ ØªÙˆ Ù‡Ø± Ù…Ø¬Ù„Ø³ÛŒ Ú©Ù‡ Ø±ÙØªÛŒ Ø´ÛŒÚ© Ùˆ Ø¨Ø§ÙˆÙ‚Ø§Ø± Ø¨Ø¯Ø±Ø®Ø´ÛŒØŸğŸ˜‹ğŸ˜\nØ­ØªÙ…Ø§ ÛŒÙ‡ Ø³Ø± Ø¨Ù‡ Ù¾ÛŒØ¬ Ù…Ø§ Ø¨Ø²Ù† Ùˆ Ø¹ÛŒØ¯ 98 Ø¨Ø§ Ù…Ø§ ÛŒÙ‡ Ø¨Ø§Ù†ÙˆÛŒ Ø®Ø§Øµ Ùˆ Ø´ÛŒÚ© Ø¨Ø§Ø´ğŸ’–\nHonyshop.ir\nHonyshop.ir', 'Ø¹Ø§Ù„ÛŒÙ‡ Ø¹Ø²ÛŒØ²Ù…ğŸ˜ğŸ˜ğŸ˜ğŸ˜', 'â¤ï¸', 'ğŸ˜ğŸ˜ğŸ‘ŒğŸ‘Œ', 'Ù…Ù†Ù… Ù‡Ù…ÙŠØ´Ù‡ Ù‡Ù…ÙŠÙ†ÙƒØ§Ø±Ùˆ Ù…ÙŠÙƒÙ†Ù…ğŸ˜', 'Ø®ÙˆØ´Ù… Ù…ÛŒØ§Ø¯ Ø­Ø¬Ø§Ø¨ØªÙˆÙ† Ù‡Ù…ÛŒØ´Ù‡ Ø­ÙØ¸ Ù…ÛŒØ´Ù‡ğŸ˜˜', 'Ø¹Ø²ÛŒØ²Ù… Ø§Ø² Ø§ÛŒÙ† Ù‡Ù…Ù‡ Ø§Ø·Ù„Ø§Ø¹Ø§Øª Ø¹Ø§Ù„ÛŒ ÙˆÙ…ÙÛŒØ¯ Ù…Ù…Ù†ÙˆÙ†Ù… ...Ù…Ù† Ø§Ø² Ø§ÛŒÙ† Ø´Ø±Ú©Øª Ù‡Ø§ Ø§Ø·Ù„Ø§Ø¹ÛŒ Ù†Ø¯Ø§Ø´ØªÙ…...Ù†Ù…ÛŒ Ø¯ÙˆÙ†Ù… Ø§ÛŒÙ† Ø´Ø±Ú©Øª ØªÙˆ Ø´Ù‡Ø±Ø³ØªØ§Ù† Ù‡Ø§ Ù‡Ù… ÙØ¹Ø§Ù„ Ù†Ø¯..ØŸ ÛŒØ§ Ù†Ù‡ØŸØŒğŸ˜ğŸŒ¹ğŸŒ¹ğŸƒğŸƒ', 'Ø¹Ø²ÛŒØ²Ù… Ø§Ø² Ø§ÛŒÙ† Ù‡Ù…Ù‡ Ø§Ø·Ù„Ø§Ø¹Ø§Øª Ø¹Ø§Ù„ÛŒ ÙˆÙ…ÙÛŒØ¯ Ù…Ù…Ù†ÙˆÙ†Ù… ...Ù…Ù† Ø§Ø² Ø§ÛŒÙ† Ø´Ø±Ú©Øª Ù‡Ø§ Ø§Ø·Ù„Ø§Ø¹ÛŒ Ù†Ø¯Ø§Ø´ØªÙ…...Ù†Ù…ÛŒ Ø¯ÙˆÙ†Ù… Ø§ÛŒÙ† Ø´Ø±Ú©Øª ØªÙˆ Ø´Ù‡Ø±Ø³ØªØ§Ù† Ù‡Ø§ Ù‡Ù… ÙØ¹Ø§Ù„ Ù†Ø¯..ØŸ ÛŒØ§ Ù†Ù‡ØŸØŒğŸ˜ğŸŒ¹ğŸŒ¹ğŸƒğŸƒ', 'ğŸ‘ŒğŸ‘ŒğŸ‘ŒğŸ‘ŒğŸ‘ŒğŸ‘ŒğŸ‘ŒğŸ‘Œ', 'Ø¹Ø²ÛŒØ²Ù… Ø³Ø§Ø¯Ú¯ÛŒ Ùˆ Ù…Ù‡Ø±Ø¨ÙˆÙ†ÛŒ Ø§Ø² Ú†Ù‡Ø±Øª Ù…ÛŒØ¨Ø§Ø±Ù‡ Ø¨Ø±Ø§Øª Ø¢Ø±Ø²ÙˆÛŒ Ù…ÙˆÙÙ‚ÛŒØª Ùˆ Ø®ÙˆØ´Ø¨Ø®ØªÛŒ Ø¯Ø§Ø±Ù… Ú¯Ù„Ù…', 'Ø§ÛŒÙ† Ø¨ÙØ±ÙÙ†Ø¯ Ø¯Ú©ÙˆØ±Ø§Ø³ÛŒÙˆÙ†ØŒ Ù…Ø³Ø§Ø¨Ù‚Ù‡ Ú¯Ø°Ø§Ø´ØªÙ‡! Ø­ØªÙ…Ø§ Ø´Ø±Ú©Øª Ú©Ù†ÛŒÙ† !  @himehdesign @himehdesign  @himehdesign', 'ğŸ˜ğŸ˜ğŸ˜ğŸ˜˜Ø¹Ø²ÛŒØ² Ùˆ Ù…Ù‡Ø±Ø¨ÙˆÙ†', 'Ø³Ù„Ø§Ù… Ø¹Ø²ÛŒØ²Ø§Ù† Ø¨Ø§ Ø³Ù„ÛŒÙ‚Ù‡ Ù„Ø·ÙØ§ Ø§Ø² Ù¾ÛŒØ¬ Ù„Ø¨Ø§Ø³ Ú©ÙˆØ¯Ú© Ù…Ø§ Ù‡Ù… Ø¯ÛŒØ¯Ù† Ú©Ù†ÛŒØ¯', 'Ø¹Ø·ÛŒÙ‡ Ø¬ÙˆÙ† Ù…Ù‡Ø±Ø¨ÙˆÙ†Ù… Ù…ÛŒÚ¯Ù… Ú©ÛŒ Ø§Ø²ØªÙˆÙ† Ø¹Ú©Ø³ Ù…ÛŒÚ¯ÛŒØ±Ù‡ØŸØŸØŸ']",250,14897,74525,0.2,2018-12-29 23:00:26,False
2113882961,__.atiye__,interior,"['ğŸ˜˜ğŸ˜ğŸ’–ğŸ˜˜ğŸ˜', 'Ø¹Ø·ÛŒÙ‡ Ø¬ÙˆÙ† Ù…Ù† ÙØ§Ù„ÙˆØ±Ø§Ù… Ø§ØµÙ„Ø§ Ø¨Ø§Ù„Ø§ Ù†Ù…ÛŒØ±Ù‡ Ú†ÛŒÚ©Ø§Ø±Ú©Ù†Ù…. Ù¾ÛŒØ¬Ù…Ùˆ Ù‚ÙÙ„ Ú©Ù†Ù… ÛŒØ§ Ø¨Ø§Ø² Ø¨Ø§Ø´Ù‡ ØŸ', 'Ù…ÛŒØ´Ù‡ ÛŒÙ‡ Ø¹Ú©Ø³ Ø§Ø²Ú©Ù„ Ø®ÙˆÙ†ÛŒ Ø®Ø´Ú©Ù„Øª Ø¨Ø²Ø§Ø±ÛŒ', 'Ù†ÙˆØ´ Ø¬Ø§Ù†ØªÙˆÙ† Ú¯Ù„Ù…', 'Ú†Ù‡ Ø®ÙˆÙ†Ù‡ Ù‚Ø´Ù†Ú¯ÛŒ Ø¯Ø§Ø±ÛŒØ¯ Ø§Ù…ÛŒØ¯ÙˆØ§Ø±Ù… Ø±Ù†Ø¯Ú¯ÛŒØªÙˆÙ† Ù‡Ù…ÛŒØ´Ù‡ Ø³Ø¨Ø² Ø¨Ø§Ø´Ù‡ Ùˆ Ø¯Ù„ØªÙˆÙ† Ø´Ø§Ø¯', 'Ø³Ù„Ø§Ù… Ø¯ÙˆØ³Øª Ù…Ù†.Ø§ÛŒÙ† Ù¾ÛŒØ§Ù… Ø±Ùˆ Ù†Ø§Ø¯ÛŒØ¯Ù‡ Ù†Ú¯ÛŒØ± Ú†ÙˆÙ† Ù…ÛŒØªÙˆÙ†Ù‡ Ø²Ù†Ø¯Ú¯ÛŒØªÙˆ Ø±ÙˆÙ†Ù‚ Ø¨Ø¯Ù‡.Ù…Ù† Ø¹Ø¶Ùˆ Ø®Ø§Ù†ÙˆØ§Ø¯Ù‡ Ø§Ù… Ø¢ÛŒ Ø§Ù… Ù‡Ø³ØªÙ….Ø®Ø§Ù†ÙˆØ§Ø¯Ù‡ Ø§ÛŒ Ú©Ù‡ Ø¯Ø± Ø±Ø§Ø³ØªØ§ÛŒ Ù…Ø¯Ø±Ù†ÛŒØªÙ‡ Ú©Ø±Ø¯Ù† Ø²Ù†Ø¯Ú¯ÛŒ Ø§Ù†Ø³Ø§Ù† Ù‡Ø§ Ù…Ø´ØºÙˆÙ„ Ø¨Ù‡ ÙØ¹Ø§Ù„ÛŒØª Ù‡Ø³Øª.ØªÙ„Ø§Ø´ Ù…Ø§ Ø¨Ø²Ø±Ú¯ Ú©Ø±Ø¯Ù† Ø®Ø§Ù†ÙˆØ§Ø¯Ù‡ Ù…ÙˆÙ†Ù‡.Ø¯ÙˆØ³Øª Ø¯Ø§Ø´ØªÛŒ Ø¨Ù‡Ù… Ø³Ø± Ø¨Ø²Ù† ØªØ§ Ø¨ÛŒØ´ØªØ± Ø¯Ø± Ù…ÙˆØ±Ø¯Ø´ Ø¨Ø¯ÙˆÙ†ÛŒ\n@mim.fa.mhr', 'Ø§ÛŒ Ø¬Ø§Ù† Ú† Ø¨Ø§ ØµÙØ§Ø§Ø§Ø§Ø§Ø§ğŸ˜ğŸ˜ğŸ˜ğŸ˜‹ğŸ˜‹ğŸ˜‹ğŸ˜‹', '@fargol777 Ø¯Ù‚ÛŒÙ‚Ø§Ø§Ø§', 'Ø®ÙˆÙ†Ù‡ Ø®ÛŒÙ„ÛŒ Ù‚Ø´Ù†Ú¯ ÙˆØ¨Ø§ ØµÙØ§ÛŒÛŒ Ø¯Ø§Ø±ÛŒ', 'Ø®ÙˆÙ†Øª Ø®ÛŒÛŒÛŒÛŒÛŒÛŒÛŒÙ„ÛŒ Ø§Ù†Ø±Ú˜ÛŒ Ù…Ø«Ø¨Øª Ø¯Ø§Ø±Ù‡..ÙˆØ§Ù‚Ø¹Ø§ Ø§ÙØ±ÛŒÙ†..Ú†Ú©Ø§Ø± Ú©Ø±Ø¯ÛŒ Ø¨Ø§ Ø§ÛŒÙ† Ø³Ø§Ø¯Ú¯ÛŒ Ø§Ù†Ù‚Ø¯ Ø±Ù†Ú¯ÛŒ Ø±Ù†Ú¯ÛŒ Ø®ÙˆÙ†Øª.ğŸ˜ğŸ˜ğŸ˜˜', 'Ø§Ø³Ù… Ú¯ÛŒØ§Ù‡ Ø¨Ø²Ø±Ú¯Ø±Ùˆ Ù…ÛŒÚ¯ÛŒØ¯ØŸØŸØ§Ù†Ø¬ÛŒØ±ÛŒ Ú† Ù…Ø¯Ù„ÛŒÙ‡ØŸ', 'Ø¹Ø·ÛŒÙ‡ Ø¬ÙˆÙ† Ø§Ú¯Ù‡ Ù…ÛŒØ´Ù‡ ÙØ§Ù„Ùˆ Ù… Ú©Ù† â¤ï¸', 'Ú©Ù„ÛŒ Ú¯Ù„Ø³Ø±Ù‡Ø§ÛŒ Ø®ÙˆØ´Ú¯Ù„ Ø¯Ø§Ø±Ù…. Ø²ÛŒØ¨Ø§ Ùˆ Ø®Ø§ØµğŸ˜ŒğŸ˜Š', 'Ø³Ù„Ø§Ù… Ø¹Ø·ÛŒÙ‡ Ø¬ÙˆÙ† Ø®ÙˆØ¨ Ù…ÛŒ Ù†ÙˆÛŒØ³ÛŒ ÙˆØ¨Ø§Ø³Ù„ÛŒÙ‚Ù‡ ØªØ¨Ø±ÛŒÚ© Ù…ÛŒÚ¯Ù…', 'Ø§Ø±Ù‡ ÙˆØ§Ù‚Ø¹Ø§ Ø§Ø¯Ù… Ø¨Ø§ Ø§ÛŒÙ† Ø¹Ú©Ø³Ø§ ÙˆØ­Ø±ÙØ§ Ø§Ù†Ø±Ú˜ÛŒ Ù…ÛŒÚ¯ÛŒØ±Ù‡ ..Ù…Ù…Ù†ÙˆÙ† Ø¹Ø·ÛŒÙ‡ Ø¬ÙˆÙ† Ú©Ø§Ø´ Ø²ÙˆØ¯ØªØ± Ù¾ÛŒØ¯Ø§Øª Ú©Ø±Ø¯Ù‡ Ø¨ÙˆØ¯Ù…', 'Ú†Ù‡ Ø®ÙˆÙ†Ù‡ Ø²ÛŒØ¨Ø§ÛŒÛŒ...â¤ï¸â¤ï¸ğŸ˜ğŸ˜', 'Ø¹Ø·ÛŒÙ‡ Ø¬ÙˆÙ† Ù…Ù† ØªÙˆ Ø§Ù‡ÙˆØ§Ø²Ù… Ø¨Ø§ ØªÙˆØ¬Ù‡ Ø¨ Ú¯Ø±Ù…Ø§ÛŒ Ø§ÛŒÙ†Ø¬Ø§ Ú†Ø·ÙˆØ± Ù…ÛŒØªÙˆÙ†Ù… ÛŒ Ú†Ù†Ø¯ ØªØ§ Ú¯Ù„Ø¯ÙˆÙ† Ø®ÙˆØ´Ú©Ù„ Ø¯Ø§Ø´ØªÙ‡ Ø¨Ø§Ø´Ù…', 'Ù…ÛŒØªÙˆÙ†ÛŒØ¯ Ù…Ù†Ùˆ Ø±Ø§Ù‡Ù†Ù…Ø§ÛŒÛŒ Ú©Ù†ÛŒØ¯', 'Ø³Ù„Ø§Ù… Ø¹Ø²ÛŒØ²Ù…ØŒ Ø¹Ú©Ø³Ù‡Ø§ØªÙˆÙ† Ø±Ùˆ Ø¨Ø§ Ú¯ÙˆØ´ÛŒ Ù…ÛŒÚ¯ÛŒØ±ÛŒÙ† ÛŒØ§ Ø¯ÙˆØ±Ø¨ÛŒÙ†ØŸ', '@', 'Ø³Ù„Ø§Ù… Ø¹Ø²ÛŒØ²Ù…..Ù…Ø§Ø´Ø§Ù„Ù„Ù‡ Ø®ÙˆÙ†Ù‡ ÛŒ Ù¾Ø±Ù†ÙˆØ± ÙˆÙ¾Ø±Ø¹Ø´Ù‚ÛŒ Ø¯Ø§Ø±ÛŒ...', 'Ú†Ù‡ Ø®ÙˆÙ†Ù‡ ÛŒ Ú¯Ø±Ù… Ùˆ Ø®ÙˆØ´Ù…Ø²Ù‡ Ø§ÛŒ Ø¯Ø§Ø±ÛŒğŸ¤©', 'Ø¢ÙØ±ÛŒÙ† Ø¨Ù‡ Ø´Ù…Ø§ .Ø®ÛŒÙ„ÛŒ Ø¨Ø§ Ø³Ù„ÛŒÙ‚Ù‡ Ø§ÛŒ Ùˆ Ú†ÛŒØ¯Ù…Ø§Ù† Ø®ÙˆÙ†ØªÙˆÙ† Ø®ÛŒÙ„ÛŒ Ø®ÙˆØ¨Ù‡ Ø¹Ø²ÛŒØ²Ù….Ø­Ø³ Ø®ÙˆØ¨ÛŒ Ú¯Ø±ÙØªÙ… Ø§Ø² Ù¾ÛŒÚ†ØªÙˆÙ†ğŸ‘Œ', '@__.atiye__  Ø³Ù„Ø§Ù… Ø¹Ø²ÛŒØ²Ù… Ù¾ÛŒÚ†Øª Ø¹Ø§Ø§Ø§Ø§Ø§Ù„ÛŒÙ‡. Ø®ÛŒÙ„ÛŒ Ø­Ø³ Ø®ÙˆØ¨ÛŒ Ø¨Ù‡Ù… Ø¯Ø³Øª Ø¯Ø§Ø¯Ù‡. ÙÙ‚Ø· Ø±Ø§Ø³ØªÛŒ Ø§ÙˆÙ† Ú¯ÛŒØ§Ù‡ Ø¨Ø§Ù„Ø§ÛŒ ØµÙ†Ø¯Ù„ÛŒ Ø§Ø³Ù…Ø´ Ú†ÛŒÙ‡ØŸ Ù…ÛŒØ®ÙˆØ§Ù… Ø§Ø² Ø§ÙˆÙ† Ú¯ÛŒØ§Ù‡ Ø¨Ø®Ø±Ù…. Ø®ÙˆØ´Ù… Ø§ÙˆÙ…Ø¯Ù‡. .']",251,16974,74525,0.23,2019-01-04 13:35:23,False
2113882961,__.atiye__,interior,"['Ø®Ø§Ù†Ù… Ù‡Ø§ÛŒ Ø¨Ø§ Ø³Ù„ÛŒÙ‚Ù‡ Ø§ÛŒ Ú©Ù‡ Ø­ØµÛŒØ± Ø¨Ø§ÙÛŒ Ù‡Ø§ÛŒ Ø²ÛŒØ¨Ø§ Ø±Ùˆ Ø¯ÙˆØ³Øª Ø¯Ø§Ø±Ù†ğŸ˜Ù¾ÛŒØ¬ ØµÙ†Ø§ÛŒØ¹ Ø¯Ø³ØªÛŒ Ù…Ø§ Ø±Ùˆ Ø§Ø² Ø¯Ø³Øª Ù†Ø¯ÛŒÙ† ğŸ˜ğŸ‘ŒğŸ˜ğŸ‘ŒğŸ˜ğŸ‘ŒğŸ˜ğŸ‘ŒğŸ˜ğŸ‘Œ', 'Ø³ÙØ±Ù‡ Ù‡Ø§ÛŒ Ø­ØµÛŒØ±ÛŒ Ø¬Ø¯ÛŒØ¯ Ø±Ø³ÛŒØ¯Ù‡ ğŸ˜ğŸ‘ŒğŸ˜', 'Ø¹Ø²ÛŒØ² Ù…ÛŒØ´Ù‡ ÛŒÚ©ÛŒ Ø§Ø² Ú©Ø§Ø±Ù‡Ø§ÛŒ Ù…Ù† Ø¨Ø´Ù‚Ø§Ø¨ Ø¯ÛŒÙˆØ§Ø±Ú©ÙˆØ¨ Ø¨Ù‡ Ø¹Ù†ÙˆØ§Ù† Ù‡Ø¯ÛŒÙ‡ Ù‚Ø¨ÙˆÙ„ Ú©Ù†ÛŒØ¯ .Ø¯Ø§ÛŒØ±Ú©Øª Ø¯Ø§Ø¯Ù… Ø§Ù…Ø§ ÙÚ© Ú©Ù†Ù… Ø§ØµÙ„Ø§ Ù†Ù…ÛŒ Ø¨ÛŒÙ†ÛŒØ¯ Ú¯Ù„Ù….Ø§Ù„Ø¨ØªÙ‡ Ø­Ù‚ Ù…ÛŒØ¯Ù…ğŸ˜ğŸ˜ğŸ˜', 'Nice', 'Ù…Ø§ Ø¨Ù‡ Ø¨ÙˆØ´ Ù‡Ù… Ø±Ø§Ø¶ÛŒ Ù‡Ø³ØªÛŒÙ… Ø¹Ø·ÛŒÙ‡ Ø¬Ø§Ù†ğŸ˜­', 'Ø®ÙˆØ´ Ø¨Ø§Ø´ÛŒÙ† Ù‡Ù…ÛŒØ´Ù‡ØŒ Ø¹Ø·ÛŒÙ‡ Ø¬Ø§Ù† Ù…ÛŒØ´Ù‡ Ù…Ø¯Ù„ ÙØ±Ø´ Ø§Ø´Ù¾Ø²Ø®ÙˆÙ†Øª Ø±Ùˆ Ø¨Ú¯ÛŒØŸ Ù…ÛŒØ®ÙˆØ§Ù… Ø¨Ø±Ø§ÛŒ Ø®ÙˆØ¯Ù… Ø¨Ø®Ø±Ù…', 'Ø®ÛŒÙ„ÛŒ Ø¯ÙˆØ³Øª Ø¯Ø§Ø´ØªÙ†ÛŒ Ù‡Ø³ØªÛŒ', 'Ù†ÙˆØ´ Ø¬ÙˆÙ†ØªÙˆÙ†ğŸ˜‹', 'Ø¨Ù‡ Ù¾ÛŒØ¬ Ù…Ø§Ù‡Ù… Ø³Ø± Ø¨Ø²Ù†ÛŒØ¯ğŸ˜', 'Ø³Ù„Ø§Ù… Ø¹Ø²ÛŒØ²Ù… Ø§Ú¯Ù‡ Ø¯ÙˆØ³Øª Ø¯Ø§Ø´ØªÛŒÙ† Ù…Ù† Ø§Ø² Ø¨Ø§Ù†Ù‡ Ø¨Ø§ ÛŒÚ© Ùˆ Ù†ÛŒÙ… ÛŒØ§ Ø´Ø§ÛŒØ¯Ù… Ú©Ù…ØªØ± ÛŒÙ‡ Ø¬Ø§Ø±ÙˆØ¨Ø±Ù‚ÛŒ Ø®ÙˆØ¨ Ø¨Ø±Ø§Øª Ù…ÛŒÙØ±Ø³ØªÙ… Ù‡Ù…Ø³Ø±Ù… Ù†Ù…Ø§ÛŒÙ†Ø¯Ú¯ÛŒ Ù…Ø§Ø±Ú© Ø¯Ù„Ù…ÙˆÙ†ØªÛŒ Ùˆ Ú©Ù†ÙˆÙˆØ¯ Ø¯Ø§Ø±Ù‡ ...', '__.atiye__ Ø¹Ø§Ù„ÛŒ Ø¨ÙˆØ¯ ğŸ‘ğŸ‘', 'ğŸ‘Œ.Ù„Ø·ÙØ§Ù‹ Ø§Ø² ØµÙØ­Ù‡ Ù…Ø§ Ù‡Ù… Ø¯ÛŒØ¯Ù† ÙØ±Ù…Ø§ÛŒÛŒØ¯.', 'Ø³Ù„Ø§Ù… Ø¹Ø²ÛŒØ²Ù… Ø®ÙˆØ¨ÛŒ Ù…Ù† Ù†Ù‚Ø§Ø´Ù… Ùˆ ØªØµÙ…ÛŒÙ… Ø¯Ø§Ø´ØªÙ… Ø¨Ø±Ø§ØªÙˆÙ† ØªØ§Ø¨Ù„Ùˆ ÛŒØ§ Ø¯ÛŒÙˆØ§Ø±Ú©ÙˆØ¨ Ø¨ÙØ±Ø³ØªÙ… Ø¨ØµÙˆØ±Øª Ø¹ÛŒØ¯ÛŒ Ø®ÙˆØ´Ø­Ø§Ù„ Ù…ÛŒØ´Ù… Ø§Ú¯Ù‡ Ø·Ø±Ø­ÛŒ Ù…Ø¯ Ù†Ø¸Ø±ØªÙˆÙ† Ù‡Ø³Øª Ø¨ÙØ±Ø³ØªÛŒØ¯ ØªØ§ Ø¨Ø±Ø§ØªÙˆÙ† Ø¨ØµÙˆØ±Øª Ù‡Ø¯ÛŒÙ‡ Ø¨Ú©Ø´Ù…', 'ğŸŒ¹ğŸ™Ø®Ø§Ù†Ù…Ù‡Ø§ÛŒ Ú¯Ù„ Ù‡Ù…Ø±Ø§Ù‡ Ù…Ù† Ø¨Ø´ÛŒÙ† ØªØ§ Ù…Ø­ØµÙˆÙ„Ø§Øª Ø¢Ø±Ø§ÛŒØ´ÛŒ Ø¨Ù‡Ø¯Ø§Ø´ØªÛŒ Ø§ÛŒØ±Ø§Ù†ÛŒ ÙˆÙ‚ÛŒÙ…Øª Ù…Ù†Ø§Ø³Ø¨ Ø±Ùˆ Ù†Ù‚Ø¯ ÙˆØ¨Ø±Ø±Ø³ÛŒ Ú©Ù†ÛŒÙ… Ùˆ Ø¨Ø¨ÛŒÙ†ÛŒÙ… Ú©Ø¯ÙˆÙ… Ù…Ø­ØµÙˆÙ„ Ø§Ø±Ø²Ø´ Ø®Ø±ÛŒØ¯ ÙˆØ§Ø³ØªÙØ§Ø¯Ù‡ Ø±Ùˆ Ø¯Ø§Ø±Ù‡ ğŸŒ¹ğŸŒ¹Ø§Ø² Ù‡Ù…Ø±Ø§Ù‡ÛŒ ÙˆØ­Ù…Ø§ÛŒØªØªÙˆÙ† Ù¾ÛŒØ´Ø§Ù¾ÛŒØ´ Ù…ØªØ´Ú©Ø±Ù…ğŸ™ğŸ˜', 'Ù…Ø§ Ú†Ù†Ø¯ Ø±ÙˆØ² Ù¾ÛŒØ´ ÛŒ Ø¯Ø³Øª Ú¯Ø±ÙØªÛŒÙ… Û±Û¸Û° ØªÙˆÙ…Ù†', 'Ø¯Ù„Ù… Ú©Ù„Ù‡ Ù¾Ø§Ú†Ù‡ Ù…ÙˆØ®ÙˆØ§Ø¯.ğŸ˜¢ğŸ˜¢ğŸ˜¢', 'ØºØ°Ø§ÛŒ Ù„Ø§Ú©Ú†Ø±ÛŒØ§ Ø´Ø¯Ù‡', '.\nØ§Ø² Ø§ÙˆÙ† ÙƒÙ„Ù‡ Ù¾Ø§Ú†Ù‡ Ø¨Ù‡ Ø¬Ø§ÙŠ Ù…Ù† Ù‡Ù… Ù…ÙŠ Ø®ÙˆØ±Ø¯ÙŠÙ†! Ø³Ø§Ù„Ù‡Ø§Ø³Øª ÙƒÙ„Ù‡ Ù¾Ø§Ú†Ù‡ Ù†Ø®ÙˆØ±Ø¯Ù…!ğŸ˜‹ğŸ˜', '@farnoosh_zarei', 'Ø¹Ø²ÛŒØ²Ù… Ø¯Ø§ÛŒØ±Ú©ØªØªÙˆÙ† Ø±Ùˆ Ú†Ú© Ù…ÛŒÚ©Ù†ÛŒØ¯', 'Ø¹Ø·ÛŒÙ‡ Ø¬ÙˆÙ† Ø¯Ø§ÛŒØ±Ú©Øª Ø±Ùˆ Ø¬ÙˆØ§Ø¨ Ù…ÛŒØ¯ÛŒ', 'Ø®ÛŒÙ„ÛŒ Ù…Ù‡Ø±Ø¨ÙˆÙ†ÛŒ Ø¨Ø§Ù†Ùˆ ğŸ’š', 'ğŸ˜˜ğŸ˜˜ğŸ˜˜ğŸ˜˜', 'Ø®ÙˆØ´ Ùˆ Ø®Ø±Ù… Ú©Ù†Ø§Ø± Ù‡Ù…ğŸ˜˜ğŸ˜˜']",683,20872,74525,0.29,2019-02-11 15:48:40,False
2113882961,__.atiye__,interior,"['@somi_kia', 'ğŸŒ¹', '@amiralirabei5425 @amiralirabei9845', 'Ø­Ø³ Ø®ÙˆØ¨ Ø²Ù†Ø¯Ú¯ÛŒ', 'Ø¹Ø´Ù‚ÛŒ Ø¹Ø´Ù‚ğŸ˜˜ğŸ˜˜', '@samereh_a00', '@nedsa38', '@resturan_balot.abozarashkevari', '@sogandaf.72', '@minaafshar831', '@minaafshar_68', '@shadi50365379', '@arezoo.taghizade @_azad.del_', 'Ø¹Ø²ÛŒØ²Ù… Ù…ÛŒØ´Ù‡ Ù„Ø·ÙØ§ Ø¯Ø§ÛŒØ±Ú©ØªØªÙˆ Ú†Ú© Ú©Ù†ÛŒØŸ!', 'Ø¨Ø§ Ù…Ø§ Ù‡Ù…Ø±Ø§Ù‡ Ø¨Ø§Ø´ÛŒÙ† Ø¨Ø§ Ø¨Ù‡ØªØ±ÛŒÙ†  Ù‡Ø§ÛŒ Ø³Ù„Ø§Ù…Øª ğŸ¤—', 'Ø´Ø¹Ø± Ø¹Ø§Ù„ÛŒ Ø¨ÙˆØ¯ Ùˆ ØªØ§Ø«ÛŒØ± Ú¯Ø°Ø§Ø±', 'ğŸ’Ÿ', 'Ø¹Ø²ÛŒØ²Ù… Ø§ÛŒØ¯Ù‡ ÛŒ Ø¯Ø§Ø´ØªÙ† Ø§ÛŒÙ† Ø·Ù†Ø§Ø¨ Ù‡Ø§ÛŒ Ø²ÛŒØ¨Ø§ÙˆØ¹Ú©Ø³ Ù‡Ø§ÛŒ Ø¬Ø°Ø§Ø¨ Ø±ÙˆÙ…Ù† Ø§Ø² Ø´Ù…Ø§ Ø§Ù„Ù‡Ø§Ù… Ú¯Ø±ÙØªÙ…', 'Ø¯Ø³ØªÙ‡Ø§ÛŒ ØªÙˆØ§Ù†Ø§ÛŒØª Ù…ÛŒØªÙˆØ§Ù†Ø¯ Ú©ÙˆÙ‡Ù‡Ø§ Ø±Ø§ Ø¬Ø§Ø¨Ø¬Ø§ Ú©Ù†Ø¯', 'Ú†Ù‡ Ø±Ù…Ø§Ù†ØªÛŒÚ© ÙˆØ¨Ø§ Ø§Ø­Ø³Ø§Ø³', 'Ø³Ù„Ø§Ù… Ø¹Ø·ÛŒÙ‡ Ø¬ÙˆÙ†  Ù…Ù† Ø§Ø² Ø§ÛŒÙ† Ù‚Ø§Ø¨ Ø¹Ú©Ø³ØªÙˆÙ† Ø®ÛŒÙ„ÛŒ Ø®ÙˆØ´Ù… Ø§ÙˆÙ…Ø¯Ù‡  Ù…ÛŒØ®ÙˆØ§Ù… Ø¨Ù‡ Ø¹Ù†ÙˆØ§Ù†  Ù‡Ø¯ÛŒÙ‡ Ø¨Ø¯Ù…  Ø¨Ù‡ Ø¹Ø§Ù‚Ø§Ù…ÙˆÙ† ğŸ˜ŠÙ…ÛŒØªÙˆÙ†Ù… Ø¨Ù¾Ø±Ø³Ù…  Ø§Ø² Ú©Ø¬Ø§ ØªÙ‡ÛŒÙ‡ Ú©Ø±Ø¯ÛŒÙ†Ø´ ØŸ', 'Ø®ÛŒÙ„ÛŒ Ù…Ù…Ù†ÙˆÙ†Ù… ğŸ˜Š', 'Ø¹Ø²ÛŒØ²Ù… Ø§Ø³Ù… Ø§ÛŒÙ† Ú¯Ù„ Ú†ÛŒÙ‡ØŸ', 'Ø¹Ø·ÛŒÙ‡ Ø¬ÙˆÙ† Ø¨Ø§Ù…Ø¨Ùˆ Ù„ÙˆØªÙˆØ³ Ø±Ùˆ Ú†Ù†Ø¯Ø±ÙˆØ² ÛŒÙ‡ Ø¨Ø§Ø± Ø¢Ø¨ÛŒØ§Ø±ÛŒ Ù…ÛŒ Ú©Ù†ÛŒÙ†ØŸØŸ']",428,16876,74525,0.23,2019-02-22 01:39:32,False
2113882961,__.atiye__,interior,"['Ø³Ù„Ø§Ù…ØªÙŠ Ø¹Ø²ÙŠØ²Ù… ØŒÙ…Ø§ ÙƒÙ‡ Ø¨Ø¹Ø¯ Ø§Ø² Ù¤Ø±ÙˆØ² Ø¨Ø§ÙŠØ¯ Ø¨Ø±ÙŠÙ… Ø³Ø±ÙƒØ§Ø± Ùˆ Ø§Ù„Ø§Ù†Ù… Ø³Ø±ÙƒØ§Ø±ÙŠÙ…ğŸ˜', 'Ø³Ù„Ø§Ù… Ù…Ù†Ù… Ù…Ø«Ù„ Ø§ÛŒÙ† Ø¯ÙˆØ±Ø¨ÛŒÙ† Ø¯Ø§Ø±Ù… Ø§Ù„Ø¨ØªÙ‡ Ø§ÛŒÙ† Ø¯ÙˆØ±Ø¨ÛŒÙ† Ø±ÙˆØ²Ù‡Ø§ÛŒ Ú©ÙˆØ¯Ú©ÛŒ Ø®ÙˆØ¯Ù… Ø±Ùˆ Ø«Ø¨Øª Ú©Ø±Ø¯Ù‡ Ùˆ ÛŒØ§Ø¯Ú¯Ø§Ø± Ø²Ù…Ø§Ù† Ú©ÙˆØ¯Ú©ÛŒÙ…Ù‡...Ø¹Ø§Ø´Ù‚ Ø³Ø¨Ú© Ø²Ù†Ø¯Ú¯ÛŒØªÙˆÙ†Ù… Ø§Ù†Ø´Ø§Ø§Ù„Ù„Ù‡ Ø³Ø§Ù„ Ø®ÛŒÙ„ÛŒ Ø®ÙˆØ¨ÛŒ Ø¯Ø§Ø´ØªÙ‡ Ø¨Ø§Ø´ÛŒØ¯ Ø¯Ø± Ú©Ù†Ø§Ø± Ø¹Ø²ÛŒØ²Ø§Ù†ØªÙˆÙ†', 'Ø§ÛŒ Ø¬Ø§Ù†Ù… Ú†Ù‡ ÙˆØ±ÙˆØ¯ÛŒ Ø¨Ø§Ø­Ø§Ù„ÛŒ Ø§Ø­Ø³Ù†ØªğŸ‘ğŸ‘ğŸ‘ğŸ‘ğŸ‘', 'Ø¹Ø²ÛŒØ² Ø¯Ù„Ù…Ù…Ù…Ù…ğŸ˜˜ğŸ¤—', 'Ø®Ø§Ù†Ù… Ø§ØªÛŒÙ‡ Ø®Ø§Ù†Ù… Ø´Ù…Ø§ ÛŒÚ© Ø®Ø§Ù†Ù… Ù†Ù…ÙˆÙ†Ù‡ ÙˆØ®Ø§Ù†Ù‡ Ø¯Ø§Ø±ÛŒØ¯ Ú©Ù‡ Ø§Ù„Ø¨ØªÙ‡ Ø¯Ø± Ø¨ÛŒØ±ÙˆÙ† Ø§Ø² Ù…Ù†Ø²Ù„ Ù‡Ù… Ú©Ø§Ø± Ù…ÛŒ Ú©Ù†ÛŒØ¯ Ø§Ù† Ø´Ø§ Ø¡Ø§Ù„Ù„Ù‡ Ø³Ø§Ù„ Ø®ÙˆØ¨ÛŒ Ø¯Ø± Ú©Ù†Ø§Ø± Ù‡Ù…Ø³Ø±ØªÙˆÙ† Ø¯Ø§Ø³ØªÙ‡ Ø¨Ø§Ø´ÛŒØ¯', 'ØªÙˆ Ø®ÛŒÙ„ÛŒ Ø¨Ø§ Ø³Ù„ÛŒÙ‚Ù‡ Ø§ÛŒ ğŸ˜', 'Ø®Ø³ØªÙ‡ Ù†Ø¨Ø§Ø´ÛŒ Ø¹Ø²ÛŒØ²Ù…ğŸ‘ğŸ‘ğŸ˜ğŸ˜', 'Ù‡Ø± ÙˆÙ‚Øª Ø®Ø³ØªÙ‡ Ø§Ù… Ù…ÛŒØ§Ù… Ù¾ÛŒØ¬Øª Ø±Ùˆ Ø³Ø± Ù…ÛŒ Ø²Ù†Ù…', 'Ø¹Ø²ÛŒØ²Ù… Ø§Ø²Øª Ø§Ù†Ø±Ú˜ÛŒ Ù…ÛŒ Ú¯ÛŒØ±Ù…', 'ğŸ˜ğŸ˜ğŸ‘Œ', 'Ø³Ø§Ù„ Ø®ÙˆØ¨ÛŒ Ø¯Ø± Ø§Ù†ØªØ¸Ø§Ø±ØªÙˆÙ† Ø¨Ø§Ø´Ù‡ Ø¹Ø²ÛŒØ²Ù…â¤ï¸', 'Ú†Ù‚Ø¯Ø± Ø¨Ø§Ø³Ù„ÙŠÙ‚Ù‡ğŸ‘ŒğŸ¼', 'Ú†Ù‚Ø¯Ø± Ø¨Ø§Ø³Ù„ÙŠÙ‚Ù‡ğŸ‘ŒğŸ¼', 'Ø¹Ø²ÛŒØ²ÛŒØ¯ Ø¨Ø§Ù†ÙˆØ›Ø®ÙˆØ¨ Ùˆ Ø®ÙˆØ´ Ø¨Ø§Ø´ÛŒØ¯', 'ğŸŒ¹', 'Ú†Ù‡ ØªØ§Ø¨Ù„ÙˆÛŒ Ø®ÙˆØ´Ú©Ù„ÛŒğŸ˜™ğŸ˜™ğŸ˜™', 'ÙÙˆÙ‚ Ø§Ù„Ø¹Ø§Ø¯Ù‡ Ø²ÛŒØ¨Ø§', 'Ø§Ù† Ø´Ø§Ø¡Ø§Ù„Ù„Ù‡ Ø³Ø§Ù„ Ø®ÙˆØ¨ Ø¨Ø±Ø§ÛŒ Ù‡Ù…Ù‡ğŸ™', 'Ø®Ø³ØªÙ‡ Ù†Ø¨Ø§Ø´Ù‰ Ø§Ø² ÙƒØ§Ø± Ùˆ ØªÙ„Ø§Ø´ ğŸ˜ğŸ˜ğŸ˜Ø­Ø³Ø§Ø¨Ù‰ Ø¨Ø±Ø§Ù‰ Ø³Ø§Ù„ Ø¬Ø¯ÙŠØ¯ Ø§Ø³ØªØ±Ø§Ø­Øª ÙƒÙ† Ù¾Ø± Ø§Ù†Ø±Ú˜Ù‰ Ø¨Ø§Ø´Ù‰ ğŸ˜˜ğŸŒ¸â¤ï¸', 'Ù…Ø§Ù… Ø¨ÙˆÛŒ ØªÙ…ÛŒØ²ÛŒ Ø®ÙˆÙ†ØªÙˆ Ø­Ø³ Ú©Ø±Ø¯ÛŒÙ… ÙˆØ§Ù„Ø§Ø› ğŸ˜ğŸ˜ğŸ˜ğŸ‘ğŸ‘ğŸ‘ğŸ‘ğŸ‘ğŸ‘ğŸ‘ğŸ‘ğŸ‘', 'Ø¨Ø¹Ø¯ Ø§Ø² Ù…Ø¯Øª Ù‡Ø§ Ø¹Ø·ÛŒÙ‡ Ø¬Ø§Ù† Ø¨Ø§Ø² Ø¯Ù„ Ù†ÙˆØ´ØªÙ‡ Ù‡Ø§ÛŒ Ù‚Ø´Ù†Ú¯Øª Ø±Ùˆ Ù…ÛŒØ®ÙˆÙ†Ù… Ùˆ Ù„Ø°Øª Ù…ÛŒØ¨Ø±Ù…', 'ğŸ‘ğŸ‘ğŸ‘ğŸ‘ğŸ‘ğŸ‘', '@__.atiye__ Ø³Ù„Ø§Ù… Ø¹Ø²ÛŒØ²Ù… Ù…ÙŠØ´Ù‡ Ø¨Ú¯ÙŠ Ù…ÛŒØ² ØªØ­Ø±ÛŒØ±ØªÙˆ Ú†Ù†Ø¯ Ø®Ø±ÛŒØ¯ÛŒ Ùˆ Ø§Ø² Ú©Ø¬Ø§ØŸØŸØŸ', '@fahim_1249']",287,15407,74525,0.21,2019-03-19 02:29:02,False
2113882961,__.atiye__,interior,"['ğŸ’šğŸ’šğŸ’šğŸ’šğŸ’šğŸ’š', 'ğŸŒ¹ğŸŒ¹ğŸŒ¹ğŸŒ¹ğŸŒ¹ğŸŒ¹', 'ğŸ’™ğŸ’™ğŸ’™ğŸ’™ğŸ’™ğŸ’™ğŸ’™', 'ğŸ’ŸğŸ’ŸğŸ’ŸğŸ’ŸğŸ’ŸğŸ’ŸğŸ’Ÿ', 'ğŸ’–ğŸ’–ğŸ’–ğŸ’–ğŸ’–ğŸ’–ğŸ’–', 'ğŸ’›ğŸ’›ğŸ’›ğŸ’›ğŸ’›ğŸ’›ğŸ’›', 'ğŸŒ¼ğŸŒ¼ğŸŒ¼ğŸŒ¼ğŸŒ¼ğŸŒ¼ğŸŒ¼', 'Ù¾Ø³ Ú©ÛŒ Ù‚Ø±Ø¹Ù‡ Ú©Ø´ÛŒ Ù…ÛŒÚ©Ù†ÛŒÙ†', 'Ø³Ù„Ø§Ù… Ø¯ÙˆØ³ØªØ§Ù† Ù…Ù† Ø§Ø² Ø§Ø³ØªØ§Ù† Ú¯Ù„Ø³ØªØ§Ù†Ù… Ø§Ù„Ø§Ù† Ø§ÛŒÙ†Ø¬Ø§ Ú©Ù„Ø§ Ø³ÛŒÙ„ Ú¯Ø±ÙØªÙ‡ Ø§Ø²ØªÙˆÙ† Ø§Ù„ØªÙ…Ø§Ø³ Ø¯Ø¹Ø§ Ø¯Ø§Ø±Ù… ØªØ§ Ø¨Ø®ÛŒØ± Ø¨Ú¯Ø°Ø§Ø±Ù‡', 'Ú†Ù‡ Ø®ÙˆØ´Ú¯Ù„Ù†ğŸ˜ğŸ˜ğŸ˜', 'Ø®Ø§Ù†ÙˆÙ…ÛŒ Ù‡ÙØªØ³ÛŒÙ† Ù‡Ù… ØªÙˆ Ø¸Ø±Ù Ú¯Ù„ Ø³Ø±Ø®ÛŒ Ù‚Ø´Ù†Ú¯Ù‡ Ù‡Ø§', 'Ú†Ù‚Ø¯Ø±Ù‚Ø´Ù†Ú¯Ù‡ Ø³Ø±ÙˆÛŒØ³Øª.Ø¹Ø²ÛŒØ²Ù… Ù…ÛŒØ´Ù‡ Ø¨Ú¯ÛŒ Ø³Ø±ÙˆÛŒØ³Øª Ú†Ù†Ø¯Ù¾Ø§Ø±Ú†Ø³ØªÙˆÚ†Ù†Ø¯Ú¯Ø±ÙØªÛŒØŸÙ…ÛŒØ´Ù‡ Ù‚ÛŒÙ…ØªØ´ÙˆØ¨Ú¯ÛŒØŸÙˆØ§ÛŒÙ†Ú©Ù‡ Ú†Ø¬ÙˆØ±ÛŒ Ø¨Ø§ÛŒØ¯Ø³ÙØ§Ø±Ø´ Ø¨Ø¯Ù…ØŸ', 'Ø®ÛŒÙ„ÛŒ Ø¨Ø§Ø³Ù„ÛŒÙ‚Ù‡ Ø§ÛŒØŒØ®ÛŒÙ„ÛŒ Ø­Ø§Ù„ Ù…ÛŒÚ©Ù†Ù… Ú†ÛŒØ¯Ù…Ø§Ù† Ø®ÙˆÙ†Ù‡ ÙˆØ³Ù„ÛŒÙ‚ØªÙˆÙ…ÛŒØ¨ÛŒÙ†Ù….ØªØ§Ø¬Ø§ÛŒÛŒ Ú© Ø¯Ø³ØªÙ… Ø§ÙˆÙ…Ø¯Ù‡ Ø¹Ù„Ø§Ù‚Ù‡ Ø¯Ø§Ø±ÛŒ Ø¨ Ù„Ø¨Ø§Ø³ ÛŒØ§Ù¾Ø§Ø±Ú†Ù‡ Ù‡Ø§ÛŒÛŒ Ú© Ú¯Ù„ Ø±ÛŒØ²Ø¯Ø§Ø±Ù‡ØŒØ®ÛŒÙ„ÛŒ Ù‚Ø³Ù†Ú¯Ù‡ Ø¹Ø²ÛŒØ²Ù….ÛŒÚ©Ù… Ø§Ø²Ø³Ù„ÛŒÙ‚ØªÙˆØ¨Ø±Ø§Ù…Ø§Ø¨ Ø¹Ù†ÙˆØ§Ù† Ø§ÛŒØ¯Ù‡ ÙˆØ§Ø¶Ø­ ØªÙˆØ¶ÛŒØ­ Ø¨Ø¯ÛŒÙ†', 'Ø¨Ù‡ Ø¨Ù‡ Ú†Ù‡ Ø³ÙØ±Ù‡ ÛŒ Ù‚Ø´Ù†Ú¯ÛŒ ..Ù‡Ù…ÛŒØ´Ù‡ Ø¨Ù‡ Ø´Ø§Ø¯ÛŒ ..Ø¹Ø·ÛŒÙ‡ Ø¬Ø§Ù† Ø¹Ú©Ø³ Ø¯ÙˆÙ… Ø¨ÛŒÙ† Ø¯ÙˆØªØ§ Ø¨Ø´Ù‚Ø§Ø¨ Ú†ÛŒÙ‡ ØŸØŸ', 'Ø§ÛŒÙ† Ø³Ø±ÙˆÛŒØ³ Ø®ÛŒÙ„ÛŒ Ø®ÙˆØ´Ú¯Ù„Ù‡ Ù…Ù†Ù… Ø®ÙˆØ´Ù… Ù…ÛŒØ§Ø¯ Ø§Ø²Ø´ Ø²Ø±ÛŒÙ† Ø­Ø±Ù Ù†Ø¯Ø§Ø±Ù‡', 'Ø¨Ù‡ Ø¨Ù‡ Ù‚Ø±Ù…Ù‡ Ø³Ø¨Ø²ÛŒğŸ‘ğŸ‘ğŸ‘ğŸ‘ŒğŸ‘Œ', 'ğŸ’–ğŸŒ¹ğŸŒ¹ğŸŒ¹ğŸ’–', 'Ù†ÙˆÙˆØ´ Ø¬ÙˆÙ†ØªÙˆÙ† Ø¨Ø§Ø´Ù‡ Ùˆ Ø¸Ø±ÙÙ‡Ø§ÛŒ Ø¯Ù„Ø¨Ø± Ù‡Ù…\u200cÙ…Ø¨Ø§Ø±Ú© Ø¨Ø§Ø´Ù‡ Ùˆ Ø¨Ù‡ Ø´Ø§Ø¯ÛŒ Ù‡Ù…ÛŒØ´Ù‡ Ø§Ø³ØªÙØ§Ø¯Ù‡ Ú©Ù†ÛŒ Ø§Ø²Ø´ğŸ˜˜', 'Ø³Ù„Ø§Ù… Ø¹Ø²ÛŒØ²Ù… Ù…ÛŒØ´Ù‡ Ø¨Ú¯ÛŒ Ø³Ø±ÙˆÛŒØ³ Ù‚Ø´Ù†Ú¯Øª Ø±Ùˆ Ø§Ø² Ú©Ø¬Ø§ Ø®Ø±ÛŒØ¯ÛŒØŸ', 'Ù…Ø¨Ø§Ø±Ú©Ù‡. Ø®Ø±ÛŒØ¯ÛŒÙ† ÛŒØ§ ØªØ¨Ù„ÛŒØºÙ‡ØŸ', '@__.atiye__ Ú†ÛŒØ²Ø§ÛŒ Ø®ÙˆØ´Ú¯Ù„ Ù¾ÛŒØ¬ Ù…Ù†Ù… Ø¨Ø¨ÛŒÙ†ÛŒØ¯ğŸŒ¹â¤ï¸', 'Ø¨Ø¨Ø®Ø´ÛŒØ¯ Ø¨Ø§ Ú†Ù‡ Ø¯ÙˆØ±Ø¨ÛŒÙ†ÛŒ Ø¹Ú©Ø³ Ù…ÛŒÚ¯ÛŒØ±ÛŒÙ†ØŸ', 'Itâ€™s good ğŸ‘ŒğŸ»ğŸ‘ğŸ»', 'Ú†Ù‚Ø¯Ø± Ù‚Ø´Ù†Ú¯Ù†']",414,16343,74525,0.22,2019-03-19 14:52:37,False
2124831171,__.izu,interior,"['#íŒ¨ì…˜ì•„ì´í…œì¶”ì²œ #íŒ¨ì…˜ì•„ì´í…œ #íŒ¨ì…˜í”¼í”Œ #íŒ¨ì…˜ #íŒ¨ì…˜ìŠ¤íƒ€ê·¸ë¨ #íŒ¨ì…˜í”¼í”Œ #ì˜¤ì˜¤í‹°ë”” #ì½”ë””ë„¤ì´í„°\n#ç€ç”» #ç€ç”»ãã‚‰ã¶ #ãƒãƒ¥ãƒ‹ãƒƒã‚¯ #ã‚¹ãƒ—ãƒªãƒ³ã‚°ã‚³ãƒ¼ãƒ‡ #ãƒ•ã‚¡ãƒƒã‚·ãƒ§ãƒ³ã‚¢ã‚¤ãƒ†ãƒ  #ä»Šæ—¥ã®ã‚³ãƒ¼ãƒ‡ #ãƒãƒã‚³ãƒ¼ãƒ‡ #ãƒãƒãƒ•ã‚¡ãƒƒã‚·ãƒ§ãƒ³ #ã‚³ãƒ¼ãƒ‡ã‚£ãƒãƒ¼ãƒˆ \n#fashionstylist  #ootd #fashionblogger #cordinate #fashionista #fashionblogger', 'ã¯ã˜ã‚ã¾ã—ã¦ã€‚ã“ã¡ã‚‰ã®ãƒˆãƒƒãƒ—ã‚¹ã¯ã©ã¡ã‚‰ã®ã‚‚ã®ã‹æ•™ãˆã¦ã„ãŸã ã‘ãªã„ã§ã—ã‚‡ã†ã‹ï¼Ÿ\nã¨ã¦ã‚‚ã‚¹ãƒ†ã‚­ãªã‚³ãƒ¼ãƒ‡ã‚£ãƒãƒ¼ãƒˆã¨æ€ã„ã¾ã—ã¦â¤ï¸', 'ï¼¿ï¼¿.', 'ï¼¿ï¼¿ï¼¿.', 'ï¼¿ï¼¿ï¼¿ï¼¿ï¼¿.ğ“…º.ã€†']",8,1029,7410,0.14,2018-03-26 15:58:55,False
2124831171,__.izu,interior,"['#êµí†  #êµí† ì—¬í–‰ #êµí† ì¹´í˜ #êµí† ë§›ì§‘ #ë§›ìŠ¤íƒ€ê·¸ë¨ #ë¨¹ìŠ¤íƒ€ê·¸ë¨ #ì¹´í˜ìŠ¤íƒ€ê·¸ë¨\n#äº¬éƒ½ã‚«ãƒ•ã‚§ #çƒä¸¸ã‚«ãƒ•ã‚§ #äº¬éƒ½ã‚°ãƒ«ãƒ¡ #äº¬éƒ½ã‚«ãƒ•ã‚§  #äº¬éƒ½ã‚«ãƒ•ã‚§å·¡ã‚Š #ã‚«ãƒ•ã‚§ãƒ‘ãƒˆ #ã‚«ãƒ•ã‚§éƒ¨ #äº¬éƒ½ãƒ©ãƒ³ãƒ #äº¬éƒ½ãƒãƒ \n#kurasukyoto #kyotolunch #kyotocafe #kyotojapan #kyotofood #cafestagram #foodstagram', 'We love thisğŸ™Œ', 'è¡ŒããŸã„ã§ã™ï¼ğŸ˜ğŸ˜ğŸ˜äº¬éƒ½ã®ã‚«ãƒ•ã‚§ã‚ã¡ã‚ƒå¯æ„›ã„ã¨ã“å¤šã„ã§ã™ã‚ˆã­ğŸ’•', 'ã”æ¥åº—ã€ãã—ã¦é«˜è©•ä¾¡ã‚ã‚ŠãŒã¨ã†ã”ã–ã„ã¾ã™ï¼', 'ï¼¿ï¼¿.', 'ï¼¿ï¼¿ï¼¿.', 'ï¼¿ï¼¿ï¼¿ï¼¿ï¼¿.ğ“…º.ã€†']",10,458,7410,0.06,2018-04-24 13:26:33,False
2124831171,__.izu,interior,"['#íŒ¨ì…˜ #íŒ¨ì…˜ìŠ¤íƒ€ê·¸ë¨ #íŒ¨ì…˜í”¼í”Œ #ì—„ë§ˆìŠ¤íƒ€ì¼ #ì½”ë””ë„¤ì´í„° #ì˜¤ì˜¤í‹°ë”” \n#ãƒ­ãƒã‚¹ãƒ•ã‚§ã‚¹ã‚¿ä¸‡åš #ãƒ­ãƒã‚¹ãƒ•ã‚§ã‚¹ã‚¿2018 #èµ¤ãƒ¯ãƒ³ãƒ” #ã‚«ãƒ³ã‚«ãƒ³å¸½ #ãƒŸãƒ©ã‚ªãƒ¼ã‚¦ã‚§ãƒ³ #ãƒ“ãƒ¥ãƒ¼ãƒ†ã‚£ãƒ•ãƒ«ãƒ”ãƒ¼ãƒ—ãƒ« #ã‚¶ãƒ©ã‚¸ãƒ§ #ä»Šæ—¥ã®ã‚³ãƒ¼ãƒ‡ #ãƒ•ã‚¡ãƒƒã‚·ãƒ§ãƒ³ #è¦ªå­ã‚³ãƒ¼ãƒ‡ #ãƒãƒãƒ•ã‚¡ãƒƒã‚·ãƒ§ãƒ³ #ãƒãƒã‚³ãƒ¼ãƒ‡ \n#lohasfesta2018 #milaowen #beautifulpeople #ootd #outfit #fashionblogger #cordinate #fashion  #fashionista', 'soltdropsã•ã‚“å¯æ„›ã„ã§ã™ã‚ˆã­â¤ï¸ãƒ¢ãƒãƒˆãƒ¼ãƒ³ãªé›°å›²æ°—ã®ãƒãƒ¼ãƒãƒªã‚¦ãƒ ã‚‚ã‚¹ãƒ†ã‚­ğŸ˜ä»Šé€±ã‚‚ã‚„ã£ã¦ã‚‹ãªã‚‰è¡ŒããŸã„ãªãƒ¼ğŸ¤¤', 'ï¼¿ï¼¿.', 'ï¼¿ï¼¿ï¼¿.', 'ï¼¿ï¼¿ï¼¿ï¼¿ï¼¿.ğ“…º.ã€†', 'ğŸ‘ğŸ‘ğŸ‘ğŸ‘']",8,688,7410,0.09,2018-04-26 05:28:37,False
2124831171,__.izu,interior,['#êµí†  #êµí† ì—¬í–‰ #êµí† ì¹´í˜ #êµí† ë§›ì§‘ #ë§›ìŠ¤íƒ€ê·¸ë¨ #ë¨¹ìŠ¤íƒ€ê·¸ë¨ #ì¹´í˜ìŠ¤íƒ€ê·¸ë¨\n#äº¬éƒ½ã‚«ãƒ•ã‚§ #äº¬éƒ½ã‚°ãƒ«ãƒ¡ #äº¬éƒ½ã‚«ãƒ•ã‚§  #äº¬éƒ½ã‚«ãƒ•ã‚§å·¡ã‚Š #ã‚«ãƒ•ã‚§ãƒ‘ãƒˆ #ã‚«ãƒ•ã‚§éƒ¨ #äº¬éƒ½ãƒ©ãƒ³ãƒ #äº¬éƒ½ãƒãƒ \n#kurasukyoto #kyotolunch #kyotocafe #kyotojapan #kyotofood #cafestagram #foodstagram'],1,436,7410,0.06,2018-05-08 06:52:51,False
2124831171,__.izu,interior,"['#ì¹´í˜ #ì¹´í˜ìŠ¤íƒ€ê·¸ë¨ #í™ˆì¹´í˜ #í‹°íƒ€ì„  #ìš°ë¦¬ì§‘ì¹´í˜ #ì¸í…Œë¦¬ì–´ #ë¨¹ìŠ¤íƒ€ê·¸ë¨ #ì¸í…Œë¦¬ì–´ #ì§‘ì¹´í˜\n#ãƒãƒ§ã‚³ãƒ¬ãƒ¼ãƒˆ #ãƒã‚¹ãƒˆãƒãƒ§ã‚³ #ãŠã†ã¡ã‚«ãƒ•ã‚§ #ãƒ†ã‚£ãƒ¼ã‚¿ã‚¤ãƒ  #å®¶ã‚«ãƒ•ã‚§ #ãƒ›ãƒ¼ãƒ ã‚«ãƒ•ã‚§ #ãƒ†ãƒ¼ãƒ–ãƒ«ã‚»ãƒƒãƒ†ã‚£ãƒ³ã‚° #ãƒ†ãƒ¼ãƒ–ãƒ«ã‚³ãƒ¼ãƒ‡ã‚£ãƒãƒ¼ãƒˆ #ã‚¤ãƒ³ãƒ†ãƒªã‚¢ \n#chocolate #homecafe #afternoontea #teatime #interior #myhome  #kyoto', 'ã‚ˆã‚ã—ããŠé¡˜ã„ã—ã¾ã™ï¼ç´ æ•µã§ã™ã­', 'ã„ã„ã­ã‚ã‚ŠãŒã¨ã†ã”ã–ã„ã¾ã™â™ª', 'ç§ã‚‚NYãƒ–ãƒ«ãƒƒã‚¯ãƒªãƒ³ã®ãŠåº—ã§è²·ã„ã¾ã—ãŸã‚ˆâ™¡ã“ã“ã®ãƒ‘ãƒƒã‚±ãƒ¼ã‚¸ã©ã‚Œã‚‚ã‚ªã‚·ãƒ£ãƒ¬ã§å¯æ„›ã„ã§ã™ã‚ˆã­ğŸ˜', 'ï¼¿ï¼¿.', 'ï¼¿ï¼¿ï¼¿.', 'ï¼¿ï¼¿ï¼¿ï¼¿ï¼¿.ğ“…º.ã€†']",11,404,7410,0.06,2018-05-21 18:07:21,False
2124831171,__.izu,interior,"['#êµí†  #êµí† ì—¬í–‰ #êµí† ì¹´í˜ #êµí† ë§›ì§‘ #ë§›ìŠ¤íƒ€ê·¸ë¨ #ë¨¹ìŠ¤íƒ€ê·¸ë¨ #ì¹´í˜ìŠ¤íƒ€ê·¸ë¨\n#äº¬éƒ½ã‚«ãƒ•ã‚§ #äº¬éƒ½ã‚°ãƒ«ãƒ¡ #äº¬éƒ½ã‚«ãƒ•ã‚§  #äº¬éƒ½ã‚«ãƒ•ã‚§å·¡ã‚Š #ã‚«ãƒ•ã‚§ãƒ‘ãƒˆ #ã‚«ãƒ•ã‚§éƒ¨ #äº¬éƒ½ãƒ©ãƒ³ãƒ #äº¬éƒ½ãƒãƒ \n#kyoto #kyotolunch #kyotocafe #kyotojapan #kyotofood #cafestagram #foodstagram', 'ë˜ ë†€ëŸ¬ ì˜¬ê²Œìš”^3^ì œ ë¸”ë¡œê·¸ë§ˆì¼“ë„ ë†€ëŸ¬ì™€ì£¼ì„¸ìš©ã…ã…', 'ç´ æ•µãªæŠ•ç¨¿ã°ã‹ã‚Šã§ã™ã­ï¼ãœã²å‚è€ƒã«ã•ã›ã¦ã‚‚ã‚‰ã„ã¾ã™ã€‚', 'ã‚ã‚ŠãŒã¨ã†ã”ã–ã„ã¾ã™â™¡ã‚ãŸã—ã‚‚ã‚³ã‚³è¡ŒããŸã„ã¨ã“ã§ã™â˜ºï¸', 'ã“ã“ç‰å­ã‚µãƒ³ãƒ‰ç¾å‘³ã—ã„ã‚“ã§ã™ã­ğŸ˜³âœ¨âœ¨å®¶ã‹ã‚‰5åˆ†ã®ã”è¿‘æ‰€ã§ã„ã¤ã§ã‚‚è¡Œã‘ã‚‹ã€œã¨ã¾ã æœªçµŒé¨“ã§ğŸ˜…ğŸ’¦é³¥ã®å·£ã‚«ãƒ¬ãƒ¼ã‚‚ãšã£ã¨æ°—ã«ãªã£ã¦ã¾ã™ğŸ¤£', 'ï¼¿ï¼¿.', 'ï¼¿ï¼¿ï¼¿.', 'ï¼¿ï¼¿ï¼¿ï¼¿ï¼¿.ğ“…º.ã€†']",12,366,7410,0.05,2018-06-26 17:40:18,False
2124831171,__.izu,interior,['#êµí†  #êµí† ì—¬í–‰ #êµí† ì¹´í˜ #êµí† ë§›ì§‘ #ë§›ìŠ¤íƒ€ê·¸ë¨ #ë¨¹ìŠ¤íƒ€ê·¸ë¨ #ì¹´í˜ìŠ¤íƒ€ê·¸ë¨\n#äº¬éƒ½ã‚«ãƒ•ã‚§ #äº¬éƒ½ã‚°ãƒ«ãƒ¡ #äº¬éƒ½ã‚«ãƒ•ã‚§  #äº¬éƒ½ã‚«ãƒ•ã‚§å·¡ã‚Š #ã‚«ãƒ•ã‚§ãƒ‘ãƒˆ #ã‚«ãƒ•ã‚§éƒ¨ #äº¬éƒ½ãƒ©ãƒ³ãƒ #äº¬éƒ½ãƒãƒ \n#kyoto #kyotolunch #kyotocafe #kyotojapan #kyotofood #cafestagram #foodstagram'],1,401,7410,0.05,2018-07-12 09:15:27,False
2124831171,__.izu,interior,"['#êµí†  #êµí† ì—¬í–‰ #êµí† ì¹´í˜ #êµí† ë§›ì§‘ #ë§›ìŠ¤íƒ€ê·¸ë¨ #ë¨¹ìŠ¤íƒ€ê·¸ë¨ #ì¹´í˜ìŠ¤íƒ€ê·¸ë¨\n#äº¬éƒ½ã‚«ãƒ•ã‚§ #äº¬éƒ½ã‚°ãƒ«ãƒ¡ #äº¬éƒ½ã‚«ãƒ•ã‚§  #äº¬éƒ½ã‚«ãƒ•ã‚§å·¡ã‚Š #ã‚«ãƒ•ã‚§ãƒ‘ãƒˆ #ã‚«ãƒ•ã‚§éƒ¨ #äº¬éƒ½ãƒ©ãƒ³ãƒ #äº¬éƒ½ãƒãƒ #è¶³å…ƒãã‚‰ã¶ #è¶³å…ƒå€¶æ¥½éƒ¨ \n#kyoto #kyotolunch #kyotocafe #kyotojapan #kyotofood #cafestagram #foodstagram', 'í–‰ë³µí•œ 7ì›” ë˜ì„¸ìš”', 'ã„ã„ã­ã‚ã‚ŠãŒã¨ã†ã”ã–ã„ã¾ã™ğŸ˜Š']",4,373,7410,0.05,2018-07-17 17:04:34,False
2124831171,__.izu,interior,"['#ê°€ë¡œìˆ˜ê¸¸ì¹´í˜ #ê°€ë¡œìˆ˜ê¸¸ #ì¹´í˜ìŠ¤íƒ€ê·¸ë¨ #ë¨¹ìŠ¤íƒ€ê·¸ë¨ #í•œêµ­ì—¬í–‰ #ê°•ë‚¨ì¹´í˜ #ì„œìš¸ê°€í˜ #ì—¬í–‰ìŠ¤íƒ€ê·¸ë¨ #ë§›ìŠ¤íƒ€ê·¸ë¨ \n#ã‚«ãƒ­ã‚¹ã‚­ãƒ«ã‚«ãƒ•ã‚§ #ã‚«ãƒ­ã‚¹ã‚­ãƒ« #æ±Ÿå—ã‚«ãƒ•ã‚§ #éŸ“å›½æ—…è¡Œ #å®¶æ—æ—…è¡Œ #ã‚½ã‚¦ãƒ«ã‚«ãƒ•ã‚§ #ã‚½ã‚¦ãƒ« #éŸ“å›½ã‚«ãƒ•ã‚§ #éŸ“å›½ã‚«ãƒ•ã‚§å·¡ã‚Š #ã‚½ã‚¦ãƒ«ã‚«ãƒ•ã‚§å·¡ã‚Š#ã‚«ãƒ•ã‚§ã‚¹ã‚¿ã‚°ãƒ©ãƒ \n#karosugil #Korea #travel  #seoulcafe #karosukiru #Koreanfood #Koreacafe', 'ìš¤ìš¤ìš¤ìš¤ğŸ˜ğŸ˜ğŸ˜ŠğŸ–ğŸ–ğŸ–¼ğŸ–¼', 'ê°ì‚¬í•©ë‹ˆë‹¤! ë˜ ì˜¤ì„¸ìš”ğŸ˜', 'í”¼ë“œ ì˜ ë³´ê³  ê°‘ë‹ˆë‹¤ ğŸ˜Š', 'ëŒ€ë°•ğŸ‘ğŸ‘!ë§íŒ”í•©ë‹ˆë‹¤ìš°ë¦¬!', 'ëª¨ë‘ ë‹¤ ê°ì‚¬í•©ë‹ˆë‹¤ğŸ˜šâ¤ï¸ğŸ‡°ğŸ‡·', 'Ë‘', 'Ë‘Ë‘', 'Ë‘Ë‘Ë‘', 'ì˜ˆìœ ì‚¬ì§„ë“¤ ë•ì— ì¦ê±°ì› ì–´ìš”^^ ì €í¬ì§‘ì—ë„ êµ¬ê²½ í•œë²ˆ ì˜¤ì„¸ìš”~~^^']",12,470,7410,0.07,2018-08-14 08:13:58,False
2124831171,__.izu,interior,"['#ê°€ë¡œìˆ˜ê¸¸ì¹´í˜ #ê°€ë¡œìˆ˜ê¸¸ #ì¹´í˜ìŠ¤íƒ€ê·¸ë¨ #ë¨¹ìŠ¤íƒ€ê·¸ë¨ #í•œêµ­ì—¬í–‰ #ê°•ë‚¨ì¹´í˜ #ì„œìš¸ê°€í˜ #ì—¬í–‰ìŠ¤íƒ€ê·¸ë¨ #ë§›ìŠ¤íƒ€ê·¸ë¨ \n#ã‚«ãƒ­ã‚¹ã‚­ãƒ«ã‚«ãƒ•ã‚§ #ã‚«ãƒ­ã‚¹ã‚­ãƒ« #æ±Ÿå—ã‚«ãƒ•ã‚§ #éŸ“å›½æ—…è¡Œ #å®¶æ—æ—…è¡Œ #ã‚½ã‚¦ãƒ«ã‚«ãƒ•ã‚§ #ã‚½ã‚¦ãƒ« #éŸ“å›½ã‚«ãƒ•ã‚§ #éŸ“å›½ã‚«ãƒ•ã‚§å·¡ã‚Š #ã‚½ã‚¦ãƒ«ã‚«ãƒ•ã‚§å·¡ã‚Š#ã‚«ãƒ•ã‚§ã‚¹ã‚¿ã‚°ãƒ©ãƒ \n#karosugil #Korea #travel  #seoulcafe #karosukiru #Koreanfood #Koreacafe', 'ì‚¬ì§„ ì˜ ë³´ê³ ê°€ìš”~~~!!! ğŸ˜„ğŸ™Š', 'ì•ˆë…•í•˜ì„¸ìš” í”¼ë“œ ì˜ ë³´ê³  ê°‘ë‹ˆë‹¹~ ğŸ‘‹', '<----ê¾¸ìš± ì†Œí†µí•´ìš”', 'Ë‘', 'Ë‘Ë‘', 'Ë‘Ë‘Ë‘']",7,480,7410,0.07,2018-08-26 06:44:22,False
2124831171,__.izu,interior,"['#íŒ¨ì…˜ìœ„í¬ #íŒ¨ì…˜ìŠ¤íƒ€ê·¸ë¨ #íŒ¨ì…˜í”¼í”Œ #ì˜¤ì˜¤í‹°ë”” #ì½”ë””ë„¤ì´í„° \n#ãƒ•ã‚¡ãƒƒã‚·ãƒ§ãƒ³æ’®å½± #å­ä¾›æ’®å½± #å­ä¾›è¨˜å¿µæ’®å½± #2æ­³ #å®¶æ—æ’®å½± #äº¬éƒ½æ’®å½±ã‚¹ã‚¿ã‚¸ã‚ª  #ç€ç”» #ç€ç”»ãã‚‰éƒ¨ #ã‚³ãƒ¼ãƒ‡ #ãƒ•ã‚¡ãƒƒã‚·ãƒ§ãƒ³ #ãƒ•ã‚¡ãƒƒã‚·ãƒ§ãƒ³ã‚³ãƒ¼ãƒ‡ #ä»Šæ—¥ã®ã‚³ãƒ¼ãƒ‡  #ãƒãƒã‚³ãƒ¼ãƒ‡ #ãƒãƒãƒ•ã‚¡ãƒƒã‚·ãƒ§ãƒ³ #è¦ªå­ã‚³ãƒ¼ãƒ‡ #ã‚­ãƒƒã‚ºãƒ•ã‚¡ãƒƒã‚·ãƒ§ãƒ³\n#outfit #ootd #fashionblogger #cordinate #fashionista #fashiondiaries', 'ã¯ã˜ã‚ã¾ã—ã¦â˜ºï¸ã¾ãŸæ¥ã¾ã™ï¼ã‚ˆã‹ã£ãŸã‚‰éŠã³ã«æ¥ã¦ä¸‹ã•ã„( Â´ â–½ ` )ï¾‰â¤', 'ãã‚ƒãƒ¼â™¥ç´ æ•µâ™¥æ¯å­ãã‚“ã®ã‚¤ãƒ¡ãƒ¼ã‚¸ã«ã´ã£ãŸã‚ŠğŸ˜â¤â¤â¤', 'äº”æ¡ã«ã“ã‚“ãªãŠã—ã‚ƒã‚Œãªã¨ã“ãŒã‚ã‚‹ã‚“ã§ã™ã­ğŸ˜³âœ¨âœ¨ãœã²æ’®å½±ãŠé¡˜ã„ã—ãŸã„ãªãğŸ˜ğŸ“·', 'ç´ æ•µã™ãã¾ã™ğŸ˜â¤ï¸â¤ï¸âœ¨ã†ã‚‰ã‚„ã¾ã—ã„ã€œğŸ˜»âœ¨', 'Dope ğŸ’¥ğŸ’¥â¤ï¸', 'Ë‘', 'Ë‘Ë‘', 'Ë‘Ë‘Ë‘']",15,501,7410,0.07,2018-08-28 17:00:51,False
2124831171,__.izu,interior,"['ã…¤#íŒ¨ì…˜ì•„ì´í…œì¶”ì²œ #íŒ¨ì…˜ì•„ì´í…œ #íŒ¨ì…˜í”¼í”Œ #íŒ¨ì…˜ #íŒ¨ì…˜ìŠ¤íƒ€ê·¸ë¨ #íŒ¨ì…˜í”¼í”Œ #ì˜¤ì˜¤í‹°ë”” #ì½”ë””ë„¤ì´í„°\n#ã‚¹ãƒªãƒƒãƒˆãƒ¬ã‚®ãƒ³ã‚¹ #ã‚µãƒ¼ãƒãƒ«ãƒ¬ã‚®ãƒ³ã‚¹ #ãƒ¬ã‚®ãƒ³ã‚¹ #ç½®ãç”»ãã‚‰éƒ¨ #ç½®ãç”»å€¶æ¥½éƒ¨ #ãƒ•ã‚¡ãƒƒã‚·ãƒ§ãƒ³ã‚¢ã‚¤ãƒ†ãƒ  #ã‚³ãƒ¼ãƒ‡ #ãƒãƒã‚³ãƒ¼ãƒ‡ #ãƒãƒãƒ•ã‚¡ãƒƒã‚·ãƒ§ãƒ³ #ã‚³ãƒ¼ãƒ‡ã‚£ãƒãƒ¼ãƒˆ \n#fashionstylist  #ootd #fashionblogger #cordinate #fashionista #fashionblogger #instagood #outfit', '#ã‚¸ãƒ¼ãƒ¦ãƒ¼ #ãƒ­ãƒ¼ãƒªãƒ¼ã‚ºãƒ•ã‚¡ãƒ¼ãƒ  #é´ä¸‹å±‹ #gu #lowrysfarm', 'ë§íŒ”í•´ìš”ë¹µì•¼ë¹µì•¼ğŸ™ŠğŸ™‰', 'ğŸ˜»ğŸ˜» ğŸ˜ ğŸ˜ Great job! This is really fantastic! This is absolutely beautiful!ğŸ‘ŒğŸ‘ŒğŸ‘ŒğŸ‘ ğŸ‘ğŸ‘ŒğŸ‘ŒğŸ‘ŒğŸ‘ ğŸ‘ Hope you have a wonderful day!\nâ€œFashion is not something that exists in\xa0dresses\xa0only. Fashion is in the sky, in the street, fashion ha to do with ideas, the way we live, what is happening.â€ â€“Coco\xa0Chanel\nHave you have been published in Model Citizen Magazine before? Model Citizen Magazine publishes fashion talents, brands and creatives globally. Do you want to submit for the publication?\n Please have a great day ahead!! It would be awesome if you can tag \n@modelcitizenmedia', 'â”ˆâ”ˆâ”ˆ âµ', 'â”ˆâ”ˆâ”ˆâ”ˆ âµ', 'â”ˆâ”ˆâ”ˆâ”ˆâ”ˆ âµ  Ë‘  áµ€á´´á´±á´¬á´ºá´·  áµá´¼áµ˜ .']",7,433,7410,0.06,2018-09-15 17:14:14,False
2124831171,__.izu,interior,"['#êµí†  #êµí† ì—¬í–‰ #êµí† ì¹´í˜ #êµí† ë§›ì§‘ #ë§›ìŠ¤íƒ€ê·¸ë¨ #ë¨¹ìŠ¤íƒ€ê·¸ë¨ #ì¹´í˜ìŠ¤íƒ€ê·¸ë¨\n#äº¬éƒ½ã‚«ãƒ•ã‚§ #äº¬éƒ½ã‚°ãƒ«ãƒ¡ #äº¬éƒ½ã‚«ãƒ•ã‚§  #äº¬éƒ½ã‚«ãƒ•ã‚§å·¡ã‚Š #ã‚«ãƒ•ã‚§ãƒ‘ãƒˆ #ã‚«ãƒ•ã‚§éƒ¨ #äº¬éƒ½ãƒ©ãƒ³ãƒ #äº¬éƒ½ãƒãƒ \n#kyoto #kyotolunch #kyotocafe #kyotojapan #kyotofood #cafestagram #foodstagram', 'ã“ã“ã‚ã£ã¡ã‚ƒéŸ“å›½ã½ã„ãŠæ´’è½ãªãŠåº—ã§ã™ã‚ˆã­ğŸ’›æ¬¡å¸°å›½ã—ãŸã‚‰è¡Œã£ã¦ã¿ãŸã„ã§ã™â˜ºï¸', 'ã‚ã‚ŠãŒã¨ã†ãƒ¼â¤ï¸', 'â”ˆâ”ˆâ”ˆ âµ', 'â”ˆâ”ˆâ”ˆâ”ˆ âµ', 'â”ˆâ”ˆâ”ˆâ”ˆâ”ˆ âµ  Ë‘  áµ€á´´á´±á´¬á´ºá´·  áµá´¼áµ˜ .']",8,551,7410,0.08,2018-10-03 09:06:37,False
2124831171,__.izu,interior,"['#íŒ¨ì…˜ìœ„í¬ #íŒ¨ì…˜ìŠ¤íƒ€ê·¸ë¨ #íŒ¨ì…˜í”¼í”Œ #ì˜¤ì˜¤í‹°ë”” #ì½”ë””ë„¤ì´í„° \n#éŸ“å›½å­ã©ã‚‚æœ #ç€ç”» #ç€ç”»ãã‚‰éƒ¨ #ã‚³ãƒ¼ãƒ‡ #ãƒ•ã‚¡ãƒƒã‚·ãƒ§ãƒ³ #ãƒ•ã‚¡ãƒƒã‚·ãƒ§ãƒ³ã‚³ãƒ¼ãƒ‡ #ä»Šæ—¥ã®ã‚³ãƒ¼ãƒ‡  #ãƒãƒã‚³ãƒ¼ãƒ‡ #ãƒãƒãƒ•ã‚¡ãƒƒã‚·ãƒ§ãƒ³ #è¦ªå­ã‚³ãƒ¼ãƒ‡ #ã‚­ãƒƒã‚ºãƒ•ã‚¡ãƒƒã‚·ãƒ§ãƒ³ #ã‚·ãƒ£ãƒãƒ«ãƒã‚§ãƒ¼ãƒ³ã‚¦ã‚©ãƒ¬ãƒƒãƒˆ #ã‚·ãƒ£ãƒãƒ«ãƒãƒƒã‚° #ãƒ‹ãƒƒãƒˆãƒ‘ãƒ³ãƒ„\n#outfit #ootd #fashionblogger #cordinate #fashionista #fashiondiaries', 'ç´ æ•µã§ã™â™¡ã‚ˆã‹ã£ãŸã‚‰ã‚»ãƒ¬ã‚¯ãƒˆã‚·ãƒ§ãƒƒãƒ—ã‚„ã£ã¦ã¾ã™ã®ã§è¦‹ã«æ¥ã¦ãã ã•ã„ğŸ¤­â™¥ï¸', 'ã‚¿ãƒ¼ãƒãƒ³ã€ãŠæ°—ã«å…¥ã‚Šã™ãã‚‹â¤ï¸', 'ã¯ã˜ã‚ã¾ã—ã¦âœ´ï¸ã“ã¡ã‚‰ã®å±¥ã‹ã‚Œã¦ã„ã‚‹ãƒ‘ãƒ³ãƒ„ãŒç´ æ•µã§ã™ãŒã©ã¡ã‚‰ã®ã‚‚ã®ã‹æ•™ãˆã¦ã„ãŸã ã‘ã¾ã›ã‚“ã‹ï¼Ÿ', 'ğŸ˜ŠğŸ˜†', 'â”ˆâ”ˆâ”ˆâ”ˆ âµ', 'â”ˆâ”ˆâ”ˆâ”ˆâ”ˆ âµ  Ë‘  áµ€á´´á´±á´¬á´ºá´·  áµá´¼áµ˜ .']",9,783,7410,0.11,2018-10-20 13:10:52,False
2124831171,__.izu,interior,[],0,446,7410,0.06,2018-11-12 08:35:22,False
2124831171,__.izu,interior,"['#íŒ¨ì…˜ìŠ¤íƒ€ê·¸ë¨ #ì˜¤ì˜¤í‹°ë”” #ì½”ë””ë„¤ì´í„° #ì•„ê¸°íŒ¨ì…˜ #ì•„ë“¤íŒ¨ì…˜ #ì•„ë™ë³µì½”ë”” #ì•„ë™ë³µëª¨ë¸\n#ãƒ—ãƒãƒ—ãƒ©ã‚³ãƒ¼ãƒ‡ #å­ä¾›æœ #å­ä¾›æœãƒ¢ãƒ‡ãƒ« #éŸ“å›½å­ä¾›æœ #ç€ç”» #ç€ç”»ãã‚‰éƒ¨ #ã‚³ãƒ¼ãƒ‡ #ä»Šæ—¥ã®ã‚³ãƒ¼ãƒ‡  #ãƒãƒã‚³ãƒ¼ãƒ‡ #ãƒãƒãƒ•ã‚¡ãƒƒã‚·ãƒ§ãƒ³ #è¦ªå­ã‚³ãƒ¼ãƒ‡ #ã‚­ãƒƒã‚ºãƒ•ã‚¡ãƒƒã‚·ãƒ§ãƒ³ #æ¯å­ã‚³ãƒ¼ãƒ‡ #3æ­³ #ç”·ã®å­ãƒ•ã‚¡ãƒƒã‚·ãƒ§ãƒ³ #ç”·ã®å­ã‚³ãƒ¼ãƒ‡\n#outfit #ootd #fashionblogger #cordinate #fashionista #fashiondiaries #kidsootd', 'â™¥', 'ç´ æ•µã§ã™ã­âœ¨ç§ã®ã‚¢ã‚«ã‚¦ãƒ³ãƒˆã‚‚ãƒ•ã‚©ãƒ­ãƒ¼ãŠé¡˜ã„ã—ã¾ã™ã€‚', 'ì˜ë³´ê³  ê°€ìš”! ^^', 'â”ˆâ”ˆâ”ˆâ”ˆ âµ', 'â”ˆâ”ˆâ”ˆâ”ˆâ”ˆ âµ  Ë‘  áµ€á´´á´±á´¬á´ºá´·  áµá´¼áµ˜ .', 'ğŸ’¯ğŸ’¯ğŸ’¯ğŸ’¯']",9,784,7410,0.11,2018-11-13 09:51:55,False
2124831171,__.izu,interior,"['#íŒ¨ì…˜ì•„ì´í…œì¶”ì²œ #íŒ¨ì…˜ì•„ì´í…œ #íŒ¨ì…˜í”¼í”Œ #íŒ¨ì…˜ìŠ¤íƒ€ê·¸ë¨ #ìƒ¤ë„¬ #ìƒ¤ë„¬êµ¬ë‘ #êµ¬ë‘ìŠ¤íƒ€ê·¸ë¨\n#ã‚·ãƒ£ãƒãƒ«  #ãƒãƒ¬ã‚¨ã‚·ãƒ¥ãƒ¼ã‚º #ã‚·ãƒ£ãƒãƒ«é´ #ã‚·ãƒ£ãƒãƒ«ã‚·ãƒ¥ãƒ¼ã‚º #è¶³å…ƒãã‚‰éƒ¨ #è¶³å…ƒå€¶æ¥½éƒ¨ #ç½®ãç”»ãã‚‰éƒ¨ #ç½®ãç”»å€¶æ¥½éƒ¨ #ãŠæ°—ã«å…¥ã‚Šã‚·ãƒ¥ãƒ¼ã‚º #ãƒ•ãƒ©ãƒƒãƒˆã‚·ãƒ¥ãƒ¼ã‚º #å¤§æ™¦æ—¥\n#chanel #chanelshoes  #shoes #newyearseve #flatshoes #fashionblogger  #fashionista #instagood', 'ã“ã®CHANELâœ¨ã‚ã¡ã‚ƒãã¡ã‚ƒå¯æ„›ã„ã§ã™ã­ğŸ’•', 'ã„ãšã¿ã¡ã‚ƒã‚“â™¡å‡ºä¼šã„ã«æ„Ÿè¬ã ã‚ˆãƒ¼ğŸ˜ã¾ã çŸ¥ã‚Šåˆã£ãŸã°ã‹ã‚Šã ã‘ã©ã€æ¥å¹´ã‚‚ä»²è‰¯ãã—ã¦ã­ğŸ’“ğŸ˜˜', 'æ¥å¹´ã‚‚ç´ æ•µãªpicæ¥½ã—ã¿ã«ã—ã¦ã„ã¾ã™âœ¨', 'â”ˆâ”ˆâ”ˆâ”ˆ âµ', 'â”ˆâ”ˆâ”ˆâ”ˆâ”ˆ âµ  Ë‘  áµ€á´´á´±á´¬á´ºá´·  áµá´¼áµ˜ .', 'I love thisâœ¨ğŸ’', 'ì™€ìš°:-)! í´ë˜ì‹ ì •ë³´ëŠ” í˜¹ì‹œ ì–´ì„œ êµ¬í•˜ì‹œë‚˜ìš”?']",11,524,7410,0.07,2018-12-31 13:26:05,False
2124831171,__.izu,interior,[],0,511,7410,0.07,2019-01-07 12:29:30,False
2124831171,__.izu,interior,"['#íŒ¨ì…˜ìœ„í¬ #íŒ¨ì…˜ìŠ¤íƒ€ê·¸ë¨ #íŒ¨ì…˜í”¼í”Œ #ì˜¤ì˜¤í‹°ë”” #ì½”ë””ë„¤ì´í„° \n#æ˜¥å…ˆå–ã‚Šã‚³ãƒ¼ãƒ‡ #ç€ç”» #ç€ç”»ãã‚‰éƒ¨ #ã‚³ãƒ¼ãƒ‡ #ãƒ•ã‚¡ãƒƒã‚·ãƒ§ãƒ³ #ãƒ•ã‚¡ãƒƒã‚·ãƒ§ãƒ³ã‚³ãƒ¼ãƒ‡ #ä»Šæ—¥ã®ã‚³ãƒ¼ãƒ‡  #ãƒãƒã‚³ãƒ¼ãƒ‡ #ãƒãƒãƒ•ã‚¡ãƒƒã‚·ãƒ§ãƒ³ \n#fashion #fashioncoordinate #outfit #ootd #fashionblogger #cordinate #fashionista #fashiondiaries', 'í–‰ë³µí•˜ì„¸ìš”~â™¡', 'å¯æ„›ã„ãƒ¼ğŸ˜â¤ï¸â¤ï¸â¤ï¸', 'â”ˆâ”ˆâ”ˆâ”ˆ âµ', 'â”ˆâ”ˆâ”ˆâ”ˆâ”ˆ âµ  Ë‘  áµ€á´´á´±á´¬á´ºá´·  áµá´¼áµ˜ .', 'ğŸ‘Œ']",8,644,7410,0.09,2019-02-04 19:01:38,False
2124831171,__.izu,interior,"['#ì´ˆì½œë › #ë°œë Œíƒ€ì¸ #ì´ˆì½œë ›ìŠ¤íƒ€ê·¸ë¨ #ì¼€ì´í¬ìŠ¤íƒ€ê·¸ë¨  #ë°œë Œíƒ€ì¸ì´ˆì½œë ›\n#ãƒãƒ¬ãƒ³ã‚¿ã‚¤ãƒ³ #ãƒãƒ¬ãƒ³ã‚¿ã‚¤ãƒ³ãƒãƒ§ã‚³ #ãƒãƒ§ã‚³ #ãƒãƒ§ã‚³ãƒ¬ãƒ¼ãƒˆ #ãƒã‚¹ãƒˆãƒãƒ§ã‚³ #ãƒˆã‚¥ãƒ¢ãƒ­ãƒ¼ãƒ©ãƒ³ãƒ‰ #ã‚¨ã‚¹ãƒˆãƒãƒ¼ã‚·ãƒ§ãƒ³ \n#ã‚¹ã‚¤ãƒ¼ãƒ„ #ãƒãƒ¬ãƒ³ã‚¿ã‚¤ãƒ³ #ãƒãƒ¬ãƒ³ã‚¿ã‚¤ãƒ³ãƒ‡ãƒ¼ #ãƒãƒ¬ãƒ³ã‚¿ã‚¤ãƒ³ã‚±ãƒ¼ã‚­ #ãƒãƒ¬ãƒ³ã‚¿ã‚¤ãƒ³ã‚®ãƒ•ãƒˆ #ãŠã—ã‚ƒã‚Œãƒ‘ãƒƒã‚±ãƒ¼ã‚¸ \n#valentine #valentineday #mastchocolate  #Valentinechocolate #chocolate #sweets #instagood', 'ãŠã™ã™ã‚ã®ãƒãƒ§ã‚³ã¯ï¼Ÿ\nä»Šå¹´ã¯çºç¥­ãŒé£Ÿã¹ãŸã„ãƒ¼', 'â”ˆâ”ˆâ”ˆâ”ˆ âµ', 'â”ˆâ”ˆâ”ˆâ”ˆâ”ˆ âµ  Ë‘  áµ€á´´á´±á´¬á´ºá´·  áµá´¼áµ˜ .']",7,317,7410,0.04,2019-02-13 10:59:09,False
2124831171,__.izu,interior,"['#íŒ¨ì…˜ì•„ì´í…œì¶”ì²œ #íŒ¨ì…˜ì•„ì´í…œ #íŒ¨ì…˜í”¼í”Œ #íŒ¨ì…˜ #íŒ¨ì…˜ìŠ¤íƒ€ê·¸ë¨ #íŒ¨ì…˜í”¼í”Œ \n#ç½®ãç”»ãã‚‰éƒ¨ #ç½®ãç”»å€¶æ¥½éƒ¨ #ãƒ•ã‚¡ãƒƒã‚·ãƒ§ãƒ³ã‚¢ã‚¤ãƒ†ãƒ  #ã‚³ãƒ¼ãƒ‡ #ãƒãƒã‚¢ã‚¤ãƒ†ãƒ  #ã‚«ãƒãƒ³ã®ä¸­èº« \n#fashionstylist  #ootd #fashionblogger #cordinate #fashionista #fashionblogger #instagood', 'ğŸ‘', 'â”ˆâ”ˆâ”ˆâ”ˆ âµ', 'â”ˆâ”ˆâ”ˆâ”ˆâ”ˆ âµ  Ë‘  áµ€á´´á´±á´¬á´ºá´·  áµá´¼áµ˜ .']",5,470,7410,0.06,2019-02-25 08:30:30,False
2124831171,__.izu,interior,[],0,650,7410,0.09,2019-03-14 18:28:16,False
591588827,_____heal_____,fashion,"['ë„˜ë‚˜ ì‹ ë‚˜ê² ë‹¤! ì¬ë°Œê²Œ ë†€ë‹¤ì™€ìš” ì¶”ìš°ë‹ˆê¹Œ ê°ê¸°ì¡°ì‹¬ğŸ™ˆğŸ’•', 'í— í˜• ğŸ˜€ğŸ˜€ğŸ˜€ğŸ˜€ğŸ˜€ğŸ˜€ğŸ˜€ğŸ˜€ğŸ˜€ğŸ˜€', 'ğŸ˜ƒğŸ˜€ğŸ˜†ğŸ˜ğŸ˜', 'ë¼ë°”', 'ì €ë„ ê°ˆë˜ìš” ã…œ', 'ì¬ë°Œê²Œ ë†€ë‹¤ì˜¤ì„¸ìš”ì˜¤ğŸ‘€ğŸ™‰', 'Awesome!!', 'ì œì£¼ë„ê°€ì…§êµ¬ë‚˜  ì´ìœì¶”ì–µë§Œë“¤ê³  ì˜¤ì…”ìš”', ""Wow is si BEUTY ğŸ˜® you lucky :')"", 'I love photos like these ;', 'ìì£¼ ì†Œí†µí•´ìš”!']",11,791,74892,0.01,2017-12-15 13:13:17,False
591588827,_____heal_____,fashion,"['BabyğŸ˜', 'ì¢‹ì€í•˜ë£¨ë˜ì„¸ìš”! ì†Œí†µí•´ìš”ã…', 'íŒ”ë¡œìš°í•˜ê³  ì‹¶ì–´ìš”!!ğŸ‘', 'ìš°ì•™ã…‡3ã…‡', 'ì˜ ë³´ê³  ê°‘ë‹ˆë‹¤ :)', 'ğŸ‘ŒğŸ˜', 'Smile sweet oppa @_____heal_____', 'ì–´ë””ê°€ìš”ğŸ˜', 'Yes good ğŸ˜ƒ', 'ì†Œí†µí•´ìš”', 'ìŒ¤ ì„œìš¸ê°€ê¸°ì „ì— ì–¼êµ´ í•œë²ˆëµˆì•¼ë˜ëŠ”ë°..... ã…œã…œã…œã…œ', 'ê°™ì´ ë°¥ë¨¹ìœ¼ëŸ¬ê°€ê¸°ë¡œí•œê±° ìŠìœ¼ì…§ë‚˜ìš”~~~~ğŸ¤¨ğŸ¤¨', 'ğŸ˜ƒğŸ˜€ğŸ˜ğŸ˜†ğŸ˜‰ğŸ˜œ', 'ì˜ìƒê²¼ë”ã…', 'í™ì¤€ë‹˜ì´ ì¢‹ë‹¤ã… ã… ğŸ’•', 'Handsome', 'ì˜ìƒê²¼ì–´ìš”ã…ã…', 'can i sit besides uğŸ˜…ğŸ˜ hihi', 'ğŸ‘Œ', 'ğŸ‘', 'ì•ˆë…•í•˜ì„¸ìš”! :D ë°˜ê°‘ìŠµë‹ˆë‹¤! :D ì¸ì¹œí•˜ë©´ì„œ ì¢‹ì€ êµë¥˜í•´ìš”! :D', 'ìì£¼ì†Œí†µí•˜ê³ íŒŒì„œê¸€ë‚¨ê¸°ê³ ê°€ìš”. ì„ íŒ”ì‹ ì²­í™ë‹ˆë‹¤!!ì˜ë¶€íƒë“œë ¤ìš”!ğŸ˜ŠğŸ˜‰ğŸ˜ğŸ¤—', 'ã…ã„¹ ë©‹ì ¸ìœµ ã… ', 'ë‚¨ì¹œì§¤..']",37,3417,74892,0.05,2018-01-06 00:21:21,False
591588827,_____heal_____,fashion,"['ğŸ˜­ğŸ˜­', 'so handsome ^^', 'Aww good! ğŸ˜†', 'ğŸ˜ğŸ˜ğŸ˜ğŸ™ƒğŸ˜‰ğŸ‘', 'YOU BEUTY YOU HANSOME âœ¨ğŸ’•ğŸ‘€ğŸ˜ğŸ‘Œ', '@m_hui_d ë‹¤ ì˜ìƒê²»ë‹¤ğŸ˜®', 'You look great regardless! ğŸ‘ŒğŸ»â˜ºï¸', 'ğŸ‘ŒğŸ‘ğŸ‘ğŸ‘ğŸ‘â˜º', 'ã‚ã£ã¡ã‚ƒã‹ã£ã“ã„ã„ã§ã™ğŸ‘ğŸ‘ğŸ‘ğŸ’•', 'ì–¼ë§ˆë‚˜ ê·€ì—¬ìš´ì´ ì†Œë…„', 'ğŸ˜ğŸ˜ğŸ˜ğŸ˜', 'å–œæ¬¢ã€‚', 'WowğŸ˜ğŸ˜', 'Your hair ğŸ˜®why', 'ì™€!! ì •ë§ ì§±ì´ì—ìš”!! ë°”ë‚˜ë‚˜ë¹Œë”©ì—ë„ ë†€ëŸ¬ì˜¤ì…”ì„œ ì•„ì´ë””ì–´ ìƒí’ˆ êµ¬ê²½í•˜ì„¸ìš”!', ""Hope you're doing alright~"", 'omg so cuteğŸ˜ğŸ˜', 'So handsome and sweet smile', 'Manly', 'soooooo handsome', 'ã…  ã…  íê·œ ìŠ¬í”„ë„¤í˜€', 'ê³µìœ  ë‹®ì•˜ë‹¤...', 'ë„ˆë¬´ ê·€ì—¬ì›Œìš©..ğŸ˜ğŸ’”ğŸ’”ğŸ’”', 'ì§„ì‹¬ ì´ì‚¬ì§„ ë„ˆë¬´ ê³µìœ ë‹®ì•˜ìŠµë¯¸ë‹¤']",49,3593,74892,0.05,2018-01-16 08:15:43,False
591588827,_____heal_____,fashion,"['â¤ï¸â¤ï¸â¤ï¸â¤ï¸â¤ï¸â¤ï¸â¤ï¸â¤ï¸â¤ï¸â¤ï¸â¤ï¸â¤ï¸â¤ï¸', 'Woow so cute â¤ï¸', 'cute cute ğŸ’‹ğŸ’‹', 'ì´ì   ë£¨ëŒí”„ê°€ ì˜¤ë¹ ì˜ ìƒì§•ê°™ì•„ ğŸ”´ğŸ”´', 'ğŸ’šğŸ’šğŸ’šğŸ’šğŸ’šğŸ’šğŸ’š', 'So cute', 'Cute', 'Ğ–Ğ°Ğ»ÑŒ Ñ‡Ñ‚Ğ¾ Ñ Ñ Ğ¿Ñ€Ñ‹Ñ‰Ğ°Ğ¼Ğ¸ Ğ½Ğµ Ğ¾Ñ‡ĞµĞ½ÑŒ', 'ğŸ˜‰ğŸ˜‰ğŸ˜‰', 'ã…‹ã…‹ã…‹', 'ê·€ì—½ë‹¤', 'ğŸ˜š', 'ì‰ ë§ì´ í”¼ê³¤í•˜ì‹ ê°€ë´ìš”..', 'Que isso no seu nariz? Uma espinha? Skksskjssj q fofo, very cute cute ğŸ’•ğŸ’•ğŸ’•', 'â™¡â™¡â™¡', 'Cutie cherry ğŸ˜', 'Cutie cherry ğŸ˜', 'I love you come armenia You are very good', 'Your nose??', 'Great shot', '@char143_lene', 'Ğ‘Ğ´Ñ€Ñ‹Ñ‰', 'Q coisa mais fofa!!!', 'ğŸ˜ğŸ˜ğŸ˜']",42,3687,74892,0.05,2018-03-01 21:26:05,False
591588827,_____heal_____,fashion,"['#ì†Œí†µ #follow #me #selfie #self #íŒ”ë¡œìš° #ì¢‹ì•„ìš” #selca #ì¼ìƒ #ì…€ìŠ¤íƒ€ê·¸ë¨ #ì…€ì¹´ #ì–¼ì§± #ì–¼ìŠ¤íƒ€ê·¸ë¨ #íŒ¨ì…˜ #ì˜¤ëŠ˜ì˜í›ˆë‚¨ #selfic #í›ˆìŠ¤íƒ€ê·¸ë¨ #í›ˆë‚¨ #í”ë‚¨ #ì„ íŒ” #ë™ì•ˆ #ë¯¸ë‚¨ #ì–¼êµ´ #í˜ì´ìŠ¤ #í”ìŠ¤íƒ€ê·¸ë¨ #í›ˆí›ˆ #í”í” #ì…€ê¸°ê¾¼ #ì…€ì¹´ê³ ì', 'ğŸ‘¦ğŸ»â¤ï¸ğŸ‘©ğŸ»', 'ê°™ì´ ì§‘ì—ê°€ë©´ë˜ê² êµ¬ë§Œ', 'ì—¬ê¸°ëŠ” ê´‘ì•ˆë¦¬ì¸ê°€ìš”?^^', 'ì¦¤ë²  ê°€ì¦¤ë«„ ë¶¸ì´ë¶¸', '@line830127']",13,3030,74892,0.04,2018-05-08 20:28:35,False
591588827,_____heal_____,fashion,"['#ì†Œí†µ #follow #me #selfie #self #íŒ”ë¡œìš° #ì¢‹ì•„ìš” #selca #ì¼ìƒ #ì…€ìŠ¤íƒ€ê·¸ë¨ #ì…€ì¹´ #ì–¼ì§± #ì–¼ìŠ¤íƒ€ê·¸ë¨ #íŒ¨ì…˜ #ì˜¤ëŠ˜ì˜í›ˆë‚¨ #selfic #í›ˆìŠ¤íƒ€ê·¸ë¨ #í›ˆë‚¨ #í”ë‚¨ #ì„ íŒ” #ë™ì•ˆ #ë¯¸ë‚¨ #ì–¼êµ´ #í˜ì´ìŠ¤ #í”ìŠ¤íƒ€ê·¸ë¨ #í›ˆí›ˆ #í”í” #ì…€ê¸°ê¾¼ #ì…€ì¹´ê³ ì', 'í‚¤ ì§„ì§œ í¬ì‹œë‹¤!!ã…ã…ã…ã…', 'ì™€..ë¹¨ë¦¬ í˜• ë°ë·”í–ˆìœ¼ë©´', 'ì˜ìƒê²¼ë‹¤ ã…‹ ã…‹', 'ì˜ìƒê²¼ì–´ìš” â™¥â™¥', 'Oppa', 'ğŸ™†ğŸ»\u200dâ™€ï¸', 'ë„ˆë¥¼ ëª°ë¼.í•˜ì§€ë§Œ ë„ˆ í•œí…Œ ë§ì´ ë§ í–ˆì–ì•„.ğŸ˜…ğŸ˜…']",11,3301,74892,0.04,2018-08-19 19:24:37,False
591588827,_____heal_____,fashion,"['#ì†Œí†µ #follow #me #selfie #self #íŒ”ë¡œìš° #ì¢‹ì•„ìš” #selca #ì¼ìƒ #ì…€ìŠ¤íƒ€ê·¸ë¨ #ì…€ì¹´ #ì–¼ì§± #ì–¼ìŠ¤íƒ€ê·¸ë¨ #íŒ¨ì…˜ #ì˜¤ëŠ˜ì˜í›ˆë‚¨ #selfic #í›ˆìŠ¤íƒ€ê·¸ë¨ #í›ˆë‚¨ #í”ë‚¨ #ì„ íŒ” #ë™ì•ˆ #ë¯¸ë‚¨ #ì–¼êµ´ #í˜ì´ìŠ¤ #í”ìŠ¤íƒ€ê·¸ë¨ #í›ˆí›ˆ #í”í” #ì…€ê¸°ê¾¼ #ì…€ì¹´ê³ ì', 'ë³‘ì•„ë¦¬!!', 'ì•ˆë…•í•˜ì„¸ìš”~ì†Œí†µí•´ìš”^^']",5,2419,74892,0.03,2018-08-25 11:27:02,False
591588827,_____heal_____,fashion,[],2,2957,74892,0.04,2018-09-23 22:43:16,False
591588827,_____heal_____,fashion,"['#ì…€ì¹´ #ì…€í”¼ #ì†Œí†µ #ì¼ìƒ #ë°ì¼ë¦¬ #ì„ íŒ” #ë§íŒ” #ì„ íŒ”í•˜ë©´ë§íŒ” #ì„ íŒ”í™˜ì˜ #ì„ íŒ”ë§íŒ” #ë§íŒ”í•´ìš” #ì¸ì¹œ #ì–¼ìŠ¤íƒ€ê·¸ë¨ #ì…€ìŠ¤íƒ€ê·¸ë¨ #íŒ”ë¡œìš° #íŒ”ë¡œë¯¸ #íŒ”ë¡œì›Œ #í›ˆë‚¨ #í›ˆë…€ #ëª¨ë¸ #ì˜¤ì˜¤í‹°ë”” #ì¢‹ì•„ìš”ë°˜ì‚¬ #ì¸ìŠ¤íƒ€ê·¸ë¨ #ëŒ“ê¸€ #ì¢‹ì•„ìš” #ì¼ìƒ #ì½”ë”” #ì¹´í˜ì¶”ì²œ', 'ğŸ˜', 'ì˜ìƒê²¼ì–´ìš”ã…ã…', 'ì´ë» ,, â¤ï¸ ì˜†ì—ìˆëŠ”ë° ì™¤ì¼€ ì„¤ë ˆì— â¤ï¸ ì‚¬ë‘í•´ ë¹ ë‹ˆë‹ˆ â¤ï¸', 'ğŸ‘ğŸ‘', 'ğŸ˜', 'OMG', 'Love you oppa ì‚¬ë‘í•´ìš”', 'Wowwwww.....good~', 'Cute pic', 'ğŸ˜â¤ï¸', 'ë©‹ì§€ì„¸ìš” ë§íŒ”í•´ìš”ìš°ë¦¬ğŸ˜„', 'Aduh ganteng banget gituuuuâ¤ï¸â¤ï¸â¤ï¸â¤ï¸â¤ï¸ğŸ˜ğŸ˜ğŸ˜', 'í•˜ì´í€„ë¦¬í‹° ì‹ ë°œ íŒë§¤ ë° ì›í•˜ëŠ” ì‹ ë°œ ë‹¤ êµ¬í•´ë“œë¦½ë‹ˆë‹¤.^^ êµ¬ê²½ì˜¤ì‹œê³  ì–¸ì œë“ ì§€ ë¬¸ì˜ì£¼ì„¸ìš”ğŸ‘']",16,3766,74892,0.05,2019-01-19 09:08:20,False
885683277,________erikaitou___,fashion,[],0,684,16566,0.04,2017-06-22 17:41:41,False
885683277,________erikaitou___,fashion,[],0,311,16566,0.02,2017-07-17 07:24:33,False
885683277,________erikaitou___,fashion,['ã¾ã£ã¦ãˆã‚Šã‹ã‚ã„ãŸã‹ã£ãŸ'],2,495,16566,0.03,2017-07-18 20:59:14,False
885683277,________erikaitou___,fashion,"['åˆã‚ã¾ã—ã¦ğŸ¶ç´ æ•µãªã‚³ãƒ¼ãƒ‡ãŒæ²¢å±±ã§ã™ã­ğŸ’ã©ã‚Œã‚‚ãƒ„ãƒœã™ãã¾ã™ï¼ãœã²ãƒ•ã‚©ãƒ­ãƒ¼ã•ã›ã¦ä¸‹ã•ã„ğŸ˜«ğŸ™ğŸ»ğŸ’•', 'ã¯ã˜ã‚ã¾ã—ã¦ã€‚ãŠæ´’è½ã™ãã¦ã€ã€ãƒ•ã‚©ãƒ­ãƒ¼å¤±ç¤¼ã—ã¾ã™ã€ã€ï¼ï¼', 'ãƒ‘ãƒ³ãƒ„ã¯ã©ã¡ã‚‰ã®ã§ã™ã‹ï¼ŸğŸ˜»']",6,658,16566,0.04,2017-08-21 12:35:21,False
885683277,________erikaitou___,fashion,[],0,890,16566,0.05,2017-09-01 16:29:33,False
885683277,________erikaitou___,fashion,[],0,265,16566,0.02,2017-09-11 20:01:46,False
885683277,________erikaitou___,fashion,"['â¤â¤', 'ãŠæ´’è½ã§ã™ãƒğŸ™ŠğŸ’—ã‚ˆã‹ã£ãŸã‚‰ã‚ãŸã—ã®ğŸ‘™è¦‹ã«æ¥ã¦ãã ã•ãƒ¼ã„ã£ğŸ‘']",3,711,16566,0.04,2017-11-03 19:38:43,False
885683277,________erikaitou___,fashion,"[""That's really nice!!!âœ¨ğŸ‘ å¯æ„›ã„ã§ã™ã€œâ¤ï¸"", 'ã‚‚ã‚‰ã£ã¦æ¥ãŸã‚‚ã®ãªã‚“ã‹ä¸€å€‹ã¡ã‚‡ãƒ¼ã ã„ç¬‘æ™‚è¨ˆã»ã—ã„ç¬‘']",4,459,16566,0.03,2017-11-11 06:05:19,False
885683277,________erikaitou___,fashion,"['ã¯ã˜ã‚ã¾ã—ã¦ã€‚æ ªå¼ä¼šç¤¾ãƒ™ãƒ«ã®æ»å·ã¨ç”³ã—ã¾ã™ã€‚ã‚‚ã—ã‚ˆã‚ã—ã‘ã‚Œã°ã‚¤ãƒ³ã‚¿ãƒ“ãƒ¥ãƒ¼ã•ã›ã¦ã„ãŸã ããŸã„ã§ã™ï¼DMã«ã¦è©³ç´°ã‚’ãŠé€ã‚Šã—ã¦ã‚‚ã‚ˆã‚ã—ã„ã§ã—ã‚‡ã†ã‹ï¼Ÿ', 'ã©ã“ã®ã‚¢ã‚¦ã‚¿ãƒ¼ã§ã™ã‹ï¼Ÿï¼Ÿ']",3,760,16566,0.05,2017-12-01 08:02:48,False
885683277,________erikaitou___,fashion,[],0,870,16566,0.05,2017-12-10 17:18:58,False
885683277,________erikaitou___,fashion,[],0,722,16566,0.04,2017-12-28 07:48:04,False
885683277,________erikaitou___,fashion,[],0,420,16566,0.03,2018-04-27 19:45:45,False
885683277,________erikaitou___,fashion,[],0,771,16566,0.05,2018-05-08 17:08:46,False
885683277,________erikaitou___,fashion,"['ãˆã‚Šã‹ã•ãƒ¼ã‚“â™¡ã‹ã‚ã„ã™ããƒ¼â£ï¸ğŸ°ã‚°ãƒ©ã‚µãƒ³ã“ã‚“ãªä¼¼åˆã£ã¦ã€ã€ãƒ˜ã‚¢ã‚¹ã‚¿ã‚¤ãƒ«ã‚‚æ†§ã‚Œã‚‹ãã‚‰ã„ç´ æ•µãƒ­ãƒ³ã‚°â™¡', 'ã„ã¤ã‚‚ã‹ã‚ã„ã„ã§ã™ã€œâ™¡ ã‚µãƒ³ã‚°ãƒ©ã‚¹ã©ã“ã®ã§ã™ã‹ğŸ•¶â™¡ï¼Ÿ', 'ã‚«ãƒ¡ãƒ©ã‚¢ãƒ—ãƒªä½•ä½¿ã£ã¦ã¾ã™ã‹â™¡ï¼Ÿ', 'ã¯ã—ã¾ã—ã¦ï¼ã™ã¿ã¾ã›ã‚“ã€ãã¡ã‚‰ã®ã‚µãƒ³ã‚°ãƒ©ã‚¹ã®å“ç•ªæ•™ãˆã¦ã„ãŸã ã‘ãªã„ã§ã—ã‚‡ã†ã‹ï¼Ÿå·¦å´ã®è€³ã«ã‹ã‘ã‚‹ã¨ã“ã‚ã«æ›¸ã„ã¦ã‚ã‚‹ã¨æ€ã†ã®ã§ã™ãŒ...(*Â´Ğ”ï½€*)']",7,1050,16566,0.06,2018-06-01 08:33:32,False
885683277,________erikaitou___,fashion,['çªç„¶å¤±ç¤¼ã—ã¾ã™âœ¨æŠ•ç¨¿ã‚’è¦‹ã•ã›ã¦ã„ãŸã ãã¾ã—ãŸğŸ˜€ã‚¤ãƒ³ã‚¹ã‚¿ã‚°ãƒ©ãƒãƒ¼ã«ã‚¹ã‚«ã‚¦ãƒˆã•ã›ã¦é ‚ããŸã„ã®ã§ã™ãŒã€è©³ç´°DMã§ãŠé€ã‚Šã—ã¦ã‚‚ã‚ˆã‚ã—ã„ã§ã™ã‹ï¼ŸğŸâœ¨'],1,787,16566,0.05,2018-09-12 18:59:02,False
885683277,________erikaitou___,fashion,[],0,531,16566,0.03,2018-10-30 19:19:03,False
885683277,________erikaitou___,fashion,['è©³ç´°çŸ¥ã‚ŠãŸã„ã§ã™â™¡'],3,869,16566,0.05,2019-01-07 19:02:51,False
885683277,________erikaitou___,fashion,[],0,707,16566,0.04,2019-03-19 19:03:11,False
